<?xml version="1.0" encoding="UTF-8"?>
<window id="8703">
    <onload>SetProperty(Window.HasSettings,True,home)</onload>
	<onload>ClearProperty(MediaMenu,Home)</onload>
	<onunload>ClearProperty(Window.HasSettings,Home)</onunload>
	
    <allowoverlay>yes</allowoverlay>
	<defaultcontrol always="true">50</defaultcontrol>
	<!-- <backgroundcolor>background</backgroundcolor> -->
	<views>50</views>
	<!-- <menucontrol>9000</menucontrol> -->
	
	<!-- <include content="Visible_Right_Delayed">
		<param name="id" value="epgguide"/>
	</include> -->
	
	<controls>
	    
		<control type="button" id="20000">
			<include>HiddenObject</include>
			<animation effect="fade" time="300" start="100" end="0">Focus</animation>
			<onfocus>SetFocus(2000)</onfocus>
			<onclick>noop</onclick>
			<visible allowhiddenfocus="true">Control.HasFocus(20000)</visible>
		</control>
		<control type="button" id="20001">
			<include>HiddenObject</include>
			<animation effect="fade" time="300" start="100" end="0">Focus</animation>
			<onfocus>SetFocus(2000)</onfocus>
			<onclick>noop</onclick>
			<visible allowhiddenfocus="true">Control.HasFocus(20001)</visible>
		</control>
		
		<include>VisibleFadeEffect</include>
		<include>OpenClose_Right</include>
		<include>Visible_Right</include>
		
		<control type="epggrid" id="520">
			<left>474</left>
			<top>-88</top>
			<right>0</right>
			<bottom>0</bottom>

			<orientation>$PARAM[control_orientation]</orientation>
			<pagecontrol>60</pagecontrol>

			<timeblocks>30</timeblocks>
			<rulerunit>6</rulerunit>
			
			<onleft>11</onleft>
			<onright>60</onright>			
			<onup>$PARAM[control_onupdown_id]</onup>
			<ondown>$PARAM[control_onupdown_id]</ondown>
			
			<!-- <viewtype label="$PARAM[viewtype_label]">list</viewtype> -->
			<progresstexture border="5">PVR-EpgProgressIndicator.png</progresstexture>				
			
			<rulerlayout height="30" width="1400">
				<control type="label">
					<posx>30</posx>
					<posy>-7</posy>
					<font>Rounded_Mplus_1C_Medium_EPG_Date</font>
					<textcolor>FFFFFFFF</textcolor>
					<shadowcolor>black</shadowcolor>
					<label>[LOWERCASE]$INFO[ListItem.Label][/LOWERCASE]</label>
					<textoffsetx>0</textoffsetx>
				</control>
			</rulerlayout>
			
			<rulerdatelayout height="45" width="1700">
				<!-- <control type="label">
					<width>1700</width>
					<height>45</height>
					<font>font13</font>
					<label>$INFO[ListItem.Label]</label>
					<textcolor>button_focus</textcolor>
					<align>center</align>
					<aligny>center</aligny>
				</control> -->
			</rulerdatelayout>
			
			<channellayout height="90" width="325">  <description>== Keep at 90 ==</description>
				<description>== PVR guide channel text left side ==</description>			
				<control type="label" id="1">
					<left>20</left>
					<top>25</top>
					<font>Rounded_Mplus_1C_PVRleft</font>
					<label>$INFO[ListItem.ChannelName]</label>
					<align>left</align>
					<shadowcolor>black</shadowcolor>
					<texture border="0" fallback="DefaultFolder.png">$INFO[ListItem.Property(GenreType),windows/pvr/epg-genres/,.png]</texture>
				</control>
				<control type="image" id="2">
					<width>100%</width>
					<height>4</height>
					<top>90</top>
					<align>center</align>
					<texture>special://skin/extras/PVR_Q/TvGuide/shadedline_2.png</texture>
				</control>
			</channellayout>
			
			<focusedchannellayout height="90" width="325">
				<!-- <control type="label">
					<right>0</right>
					<top>0</top>
					<width>75</width>
					<height>90</height>
					<font>font12</font>
					<label>$INFO[ListItem.ChannelNumber]</label>
					<texture border="12" fallback="windows/pvr/epg-genres/192.png">$INFO[ListItem.Property(GenreType),windows/pvr/epg-genres/,.png]</texture>
				</control> -->
					<description>== PVR guide channel highlight blue ==</description>
				<control type="image" id="2">							 
					<top>5</top>
					<left>1</left>
					<width>100%</width>
					<height>96%</height>
					<texture>special://skin/extras/PVR_Q/TvGuide/channel_highlight.png</texture>
					<texture border="12" colordiffuse="button_focus">windows/pvr/epg-genres/128.png</texture>
				</control>
				<control type="image" id="2">
					<width>100%</width>
					<height>4</height>
					<top>90</top>
					<texture>special://skin/extras/PVR_Q/TvGuide/shadedline.png</texture>
				</control>
					<description>== Channel and program MenuSelect button in the EPG ==</description>	
				<control type="group">
					<control type="image">
						<left>0</left>
						<width>100%</width>
						<height>100%</height>
						<top>0</top>
						<bordertexture border="5" >special://skin/extras/PVR_Q/TvGuide/PVR_Plot_Inner_Box.png</bordertexture>
						<bordersize>5</bordersize>
						<centerleft>100%</centerleft>
						<centerright>100%</centerright>
						<centertop>100%</centertop>
						<centerbottom>100%</centerbottom>
						<aspectratio>keep</aspectratio>
						<texture border="5">special://skin/extras/PVR_Q/TvGuide/Program_MenuSelect_Inerborder.png</texture>
						<shadowcolor>black</shadowcolor>
					</control>
					<visible>Control.HasFocus(50)</visible>
				</control>
					<description>== Highlighted channel text ==</description>
				<control type="label" id="1">  
					<left>20</left>
					<top>25</top>         
					<font>Rounded_Mplus_1C_PVRleft</font>
					<label>$INFO[ListItem.ChannelName]</label>
				</control>
			</focusedchannellayout>
				
			<itemlayout height="90" width="60">			
					<control type="label" id="1">
						<left>30</left>
						<top>0</top>
						<aligny>center</aligny>
						<shadowcolor>black</shadowcolor>
						<font>Rounded_Mplus_1C_PVRleft</font>
						<label>$INFO[ListItem.Label]</label>
					</control>
						<description>== This is the shaded line under channels programs ==</description>					
					<control type="image" id="2">
						<width>100%</width>
						<height>4</height>
						<top>90</top>
						<texture>special://skin/extras/PVR_Q/TvGuide/shadedline_2.png</texture>
						<texture border="0" colordiffuse="button_focus">windows/pvr/epg-genres/192.png</texture>
					</control>
					<control type="image">
						<left>6</left>
						<top>35</top>
						<width>20</width>
						<height>20</height>
						<texture>$VAR[PVRTimerIcon]</texture>
					</control>
						<description>== This is the separator for programs you only need to do end line. no start ==</description>					
					<control type="group">
						<control type="image" id="2">
							<posx>0</posx>
							<posy>4</posy>
							<width>2</width>
							<height>86</height>								
							<texture>special://skin/extras/PVR_Q/TvGuide/KodiQ_ProgramSeparator.png</texture>
							<visible>true</visible>								
						</control>
					</control>
			</itemlayout>

			<focusedlayout height="90" width="60">
					<description>== This is the separator for programs when highlighted. you only need to do end line...no start ==</description>			
				<control type="group">
					<control type="image" id="2">
						<posx>0</posx>
						<posy>4</posy>
						<width>2</width>
						<height>86</height>
						<texture>special://skin/extras/PVR_Q/TvGuide/KodiQ_ProgramSeparator.png</texture>
						<visible>true</visible>						
					</control>
				</control>

				<control type="image" id="2">
					<width>100%</width>
					<height>4</height>
					<top>90</top>
					<texture>special://skin/extras/PVR_Q/TvGuide/shadedline_2.png</texture>
				</control>						
                	<description>== PVR guide channel programs behind highlighted long ==</description>	
				<control type="image" id="2">
					<top>5</top>
					<left>1</left>
					<width>100%</width>
					<height>94%</height>
					<texture border="3" fallback="windows/pvr/epg-genres/16.png">special://skin/extras/PVR_Q/TvGuide/Highlight_Under_Button.png</texture>
					<visible>!Control.HasFocus(10)</visible>
				</control>
                	<description>== PVR guide channel programs highlight long ==</description>				
				<control type="image" id="2">
					<posx>-11</posx>
					<posy>-10</posy>
					<width>142%</width>
					<height>128%</height>							
					<texture border="-0">special://skin/extras/PVR_Q/TvGuide/Alpha_Border.png</texture>
					<visible>Control.HasFocus(50)</visible>
					<bordertexture border="10">special://skin/extras/PVR_Q/TvGuide/darkline.png</bordertexture>
					<bordersize>13</bordersize>
					<animation type="Focus" reversible="true">
						<effect type="zoom" center="auto" start="0" end="100" time="200" tween="back" easing="inout" />
					</animation> 
				</control>				
				<control type="image" id="1">
					<top>5</top>
					<left>1</left>
					<width>100%</width>
					<height>94%</height>								
					<texture border="12">special://skin/extras/PVR_Q/TvGuide/MenuSelect_Background_2.png</texture>
					<visible>Control.HasFocus(50)</visible>
				</control>						
				<control type="label" id="1">
					<left>30</left>
					<top>0</top>
					<aligny>center</aligny>
					<font>Rounded_Mplus_1C_PVRleft</font>
					<label>$INFO[ListItem.Label]</label>
				</control>
				<control type="image">
					<left>6</left>
					<top>35</top>
					<width>20</width>
					<height>20</height>
					<texture>$VAR[PVRTimerIcon]</texture>
				</control>				
			</focusedlayout>			
		</control>
		
	</controls>
</window>
