<?xml version="1.0" encoding="UTF-8"?>
<fonts>
	<fontset id="Default" idloc="15109">
		<!--===================================================KodiQ custom fonts==================================================-->
	    <font>
			<name>MainMenu_Focused</name>
			<filename>Kodi_Q-Medium.ttf</filename>
			<size>40</size>
			<style></style>
			<linespacing></linespacing>
		</font>
		<font>
			<name>MainMenu_Layout</name>
			<filename>Kodi_Q-Regular.ttf</filename>
			<size>40</size>
			<style></style>
			<linespacing></linespacing>
		</font>
		<font>
			<name>EPG_Starts_At_Time</name>
			<filename>Kodi_Q-Regular.ttf</filename>
			<size>40</size>
			<style></style>
			<linespacing></linespacing>
		</font>
		<font>
			<name>EPG_Day_TopLeft</name>
			<filename>Kodi_Q-Medium.ttf</filename>
			<size>28</size>
			<style></style>
			<linespacing></linespacing>
		</font>
		<font>
			<name>The_Title_For_Menus</name>
			<filename>Kodi_Q-Regular.ttf</filename>
			<size>48</size>
			<style></style>
			<linespacing></linespacing>
		</font>
		<font>
			<name></name>
			<filename>NotoSans-Regular.ttf</filename>
			<size>25</size>
			<style>lighten</style>
		</font>
	    
		<!--================================Custom KodiQ Fonts Styles==================================================-->
	
		<font>
			<name>Kodi_Q-Regular-MpaaRating-2</name>
			<filename>Kodi_Q-Regular.ttf</filename>
			<size>30</size>
			<style>bold</style>
			<linespacing></linespacing>
		</font>

        <font>
			<name>Kodi_Q-Medium-Cinema_Tile</name>
			<filename>Kodi_Q-Medium.ttf</filename>
			<size>35</size>
			<style></style>
			<linespacing></linespacing>
		</font>
		<font>
			<name>Kodi_Q-Regular-Cinema_Tile</name>
			<filename>Kodi_Q-Regular.ttf</filename>
			<size>42</size>
			<style></style>
			<linespacing></linespacing>
		</font>
		<font>
			<name>Kodi_Q-Regular-TopLeft_Time</name>
			<filename>Kodi_Q-Regular.ttf</filename>
			<size>34</size>
			<style></style>
			<linespacing></linespacing>
		</font>
		
		<font>
			<name>Kodi_Q-Regular-Movie_Tile</name>
			<filename>Kodi_Q-Medium.ttf</filename>
			<size>42</size>
			<style>lighten</style>
			<linespacing></linespacing>
		</font>
		<font>
			<name>Kodi_Q-Regular-Movie_PlotSmall</name>
			<filename>Kodi_Q-Regular.ttf</filename>
			<size>37</size>
			<style></style>      <!--========You can use bold or lighten for style=========-->
			<linespacing></linespacing>
		</font>
		
		<font>
			<name>Kodi_Q-Regular-MpaaRating</name>
			<filename>Kodi_Q-Medium.ttf</filename>
			<size>22</size>
			<style>bold</style>
			<linespacing></linespacing>
		</font>
		
		<font>
			<name>Kodi_Q-Regular-Movie_Duration</name>
			<filename>Kodi_Q-Regular.ttf</filename>
			<size>28</size>
			<style></style>
			<linespacing></linespacing>
		</font>
		<font>
			<name>Kodi_Q-Medium-Movie_Duration</name>
			<filename>Kodi_Q-Medium.ttf</filename>
			<size>28</size>
			<style></style>
			<linespacing></linespacing>
		</font>
		
		<font>
			<name>KodiQ-Regular-CatchUp_Title</name>
			<filename>Kodi_Q-Medium.ttf</filename>
			<size>30</size>
			<style>lighten</style>
			<linespacing></linespacing>
		</font>
		
		<font>
			<name>KodiQ-Medium-CatchUp_Title_Zoomed</name>
			<filename>Kodi_Q-Medium.ttf</filename>
			<size>30</size>
			<style></style>
			<linespacing></linespacing>
		</font>
		
		<font>
			<name>KodiQ-VerticalCategories</name>
			<filename>Kodi_Q-Medium.ttf</filename>
			<size>19</size>
			<style></style>
			<linespacing></linespacing>
		</font>
		
		<font>
			<name>KodiQ-CategoriesRowHeader</name>
			<filename>Kodi_Q-Regular.ttf</filename>
			<size>30</size>
			<style></style>
			<linespacing></linespacing>
		</font>
		
		<font>
			<name>KodiQ-Regular-SystemSettings</name>
			<filename>Kodi_Q-Regular.ttf</filename>
			<size>30</size>
			<style></style>
			<linespacing></linespacing>
		</font>
		
		<font>
			<name>KodiQ-PrivacyPolicyMono</name>
			<filename>Kodi_Q-Medium.ttf</filename>
			<size>19</size>
			<style></style>
			<linespacing></linespacing>
		</font>		
		<font>
			<name>KodiQ-PrivacyPolicyFont</name>
			<filename>Kodi_Q-Regular.ttf</filename>
			<size>30</size>
			<style></style>
			<linespacing></linespacing>
		</font>
		
		<font>
			<name>KodiQ-Regular-Movie-Duration</name>
			<filename>Kodi_Q-Regular.ttf</filename>
			<size>30</size>
			<style>bold</style>
			<linespacing></linespacing>
		</font>
		<font>
			<name>KodiQ-Regular-Movie-Title</name>
			<filename>Kodi_Q-Regular.ttf</filename>
			<size>35</size>
			<style>bold</style>
			<linespacing></linespacing>
		</font>
		<font>
			<name>KodiQ-Regular-Movie-Plot</name>
			<filename>Kodi_Q-Regular.ttf</filename>
			<size>30</size>
			<style>bold</style>
			<linespacing></linespacing>
		</font>
		<font>
			<name>KodiQ-Regular-Channel-Name</name>
			<filename>Kodi_Q-Regular.ttf</filename>
			<size>22</size>
			<style></style>
			<linespacing></linespacing>
		</font>
		<font>
			<name>KodiQ-Medium-Fullscreen-StartTime</name>
			<filename>Kodi_Q-Medium.ttf</filename>
			<size>30</size>
			<style></style>
			<linespacing></linespacing>
		</font>
		<font>
			<name>KodiQ-Regular-Fullscreen-NextOn</name>
			<filename>Kodi_Q-Regular.ttf</filename>
			<size>30</size>
			<style></style>
			<linespacing></linespacing>
		</font>
		<font>
			<name>KodiQ-Regular-Fullscreen-Channel-Number</name>
			<filename>Kodi_Q-Medium.ttf</filename>
			<size>26</size>
			<style></style>
			<linespacing></linespacing>
		</font>
		<font>
			<name>KodiQ-Regular-Epg-StartsAt</name>
			<filename>Kodi_Q-Regular.ttf</filename>
			<size>34</size>
			<style>bold</style>
			<linespacing></linespacing>
		</font>
		<font>
			<name>KodiQ-Regular-Categories-Label</name>
			<filename>Kodi_Q-Regular.ttf</filename>
			<size>34</size>
			<style>bold</style>
			<linespacing></linespacing>
		</font>
		<font>
			<name>KodiQ-Regular-DialogAddonInfo-Button</name>
			<filename>Kodi_Q-Regular.ttf</filename>
			<size>26</size>
			<style></style>
			<linespacing></linespacing>
		</font>
		<font>
			<name>KodiQ-Medium-DialogAddonInfo-Title</name>
			<filename>Kodi_Q-Medium.ttf</filename>
			<size>40</size>
			<style></style>
			<linespacing></linespacing>
		</font>
		<font>
			<name>KodiQ-Regular-DialogAddonInfo-Description</name>
			<filename>Kodi_Q-Regular.ttf</filename>
			<size>40</size>
			<style></style>
			<linespacing></linespacing>
		</font>
		<font>
			<name>KodiQ-Medium-InfoDialog-Title</name>
			<filename>Kodi_Q-Medium.ttf</filename>
			<size>74</size>
			<style></style>
			<linespacing></linespacing>
		</font>
		<font>
			<name>KodiQ-Regular-InfoDialog-Version-Creator</name>
			<filename>Kodi_Q-Regular.ttf</filename>
			<size>38</size>
			<style></style>
			<linespacing></linespacing>
		</font>
		
		<font>
			<name>KodiQ-Regular-Youtube-ChannelName</name>
			<filename>Roboto.ttf</filename>
			<size>18</size>
			<style></style>
			<linespacing></linespacing>
		</font>
		<font>
			<name>KodiQ-Medium-Youtube-VideoTitle</name>
			<filename>Roboto_Medium.ttf</filename>
			<size>24</size>
			<style></style>
			<linespacing></linespacing>
		</font>
		<font>
			<name>KodiQ-Regular-Youtube-VideoTime</name>
			<filename>Roboto.ttf</filename>
			<size>16</size>
			<style></style>
			<linespacing></linespacing>
		</font>
	    <!--================================Custom Fonts Styles==================================================-->
        <font>
			<name>Rounded_Mplus_1C</name>
			<filename>Rounded_Mplus_1C.ttf</filename>
			<size>35</size>
			<style></style>
			<linespacing></linespacing>
		</font>
		<font>
			<name>Rounded_Mplus_1C_Black</name>
			<filename>Rounded_Mplus_1C_Black.ttf</filename>
			<size>25</size>
			<style></style>
			<linespacing></linespacing>
		</font>
		<font>
			<name>Rounded_Mplus_1C_Bold</name>
			<filename>Rounded_Mplus_1C_Bold.ttf</filename>
			<size>37</size>
			<style></style>
			<linespacing></linespacing>
		</font>
		<font>
			<name>Rounded_Mplus_1C_ExtraBold</name>
			<filename>Rounded_Mplus_1C_ExtraBold.ttf</filename>
			<size>25</size>
			<style></style>
			<linespacing></linespacing>
		</font>
		<font>
			<name>Rounded_Mplus_1C_Light</name>
			<filename>Rounded_Mplus_1C_Light.ttf</filename>
			<size>25</size>
			<style></style>
			<linespacing></linespacing>
		</font>
		<font>
			<name>Rounded_Mplus_1C_Medium</name>
			<filename>Rounded_Mplus_1C_Medium.ttf</filename>
			<size>36</size>
			<style></style>
			<linespacing></linespacing>
		</font>
		<font>
			<name>Rounded_Mplus_1C_Thin</name>
			<filename>Rounded_Mplus_1C_Thin.ttf</filename>
			<size>25</size>
			<style></style>
			<linespacing></linespacing>
		</font>
		<!--==================================EPG guide fonts================================================-->
		<font>
			<name>Rounded_Mplus_1C_Medium_EPG</name>
			<filename>Rounded_Mplus_1C_Medium.ttf</filename>
			<size>36</size>
			<style></style>
			<linespacing></linespacing>
		</font>
		<font>
			<name>Rounded_Mplus_1C_Bold_EPG</name>
			<filename>Rounded_Mplus_1C_Bold.ttf</filename>
			<size>37</size>
			<style></style>
			<linespacing></linespacing>
		</font>
		<font>
			<name>Rounded_Mplus_1C_Medium_infotitle</name>
			<filename>Rounded_Mplus_1C_Medium.ttf</filename>
			<size>36</size>
			<style></style>
			<linespacing></linespacing>
		</font>
		<font>
			<name>Rounded_Mplus_1C_Medium_info</name>
			<filename>Rounded_Mplus_1C_Medium.ttf</filename>
			<size>36</size>
			<style></style>
			<linespacing></linespacing>
		</font>
		<font>
			<name>Rounded_Mplus_1C_Medium_EPG_Date</name>
			<filename>Rounded_Mplus_1C_Medium.ttf</filename>
			<size>25</size>
			<style></style>
			<linespacing></linespacing>
		</font>
		<font>
			<name>Rounded_Mplus_1C_PVRleft</name>   <!--===============PVR guide left side text font==============-->
			<filename>Rounded_Mplus_1C.ttf</filename>
			<size>28</size>
			<style></style>
			<linespacing></linespacing>
		</font>
		<font>
			<name>Rounded_Mplus_1C_Medium_info_plot</name>
			<filename>Rounded_Mplus_1C_Medium.ttf</filename>
			<size>29</size>
			<style></style>
			<linespacing></linespacing>
		</font>
		<!--==========================Fullscreen info time bottom left===================================-->
		<font>
			<name>Rounded_Mplus_1C_Medium_Time</name>
			<filename>Sky-Regular.ttf</filename>
			<size>27</size>
			<style></style>
			<linespacing></linespacing>
		</font>
		<font>
			<name>Rounded_Mplus_1C_Medium_Day</name>
			<filename>Sky-Medium.ttf</filename>
			<size>27</size>
			<style></style>
			<linespacing></linespacing>
		</font>
		<font>
			<name>Rounded_Mplus_1C_Black_ChannelNumbers</name>
			<filename>Sky-Regular.ttf</filename>
			<size>22</size>
			<style></style>
			<linespacing></linespacing>
		</font>

		<font>
			<name>font10</name>
			<filename>NotoSans-Regular.ttf</filename>
			<size>23</size>
			<style>lighten</style>
		</font>
		<font>
			<name>font12</name>
			<filename>NotoSans-Regular.ttf</filename>
			<size>25</size>
			<style>lighten</style>
		</font>
		<font>
			<name>font13</name>
			<filename>NotoSans-Regular.ttf</filename>
			<size>30</size>
			<style>lighten</style>
		</font>
		<font>
			<name>font14</name>
			<filename>NotoSans-Regular.ttf</filename>
			<size>33</size>
			<style>lighten</style>
		</font>
		<font>
			<name>font25_narrow</name>
			<filename>NotoSans-Regular.ttf</filename>
			<size>25</size>
			<style>lighten</style>
			<linespacing>0.8</linespacing>
		</font>
		<font>
			<name>font27</name>
			<filename>NotoSans-Regular.ttf</filename>
			<size>27</size>
			<style>lighten</style>
		</font>
		<font>
			<name>font27_narrow</name>
			<filename>NotoSans-Regular.ttf</filename>
			<size>25</size>
			<style>lighten</style>
			<linespacing>0.8</linespacing>
		</font>
		<font>
			<name>font37</name>
			<filename>NotoSans-Regular.ttf</filename>
			<size>37</size>
			<style>lighten</style>
		</font>
		<font>
			<name>font45</name>
			<filename>NotoSans-Regular.ttf</filename>
			<size>45</size>
			<style>lighten</style>
		</font>
		<font>
			<name>font60</name>
			<filename>NotoSans-Regular.ttf</filename>
			<size>60</size>
			<style>lighten</style>
		</font>
		<font>
			<name>font_clock</name>
			<filename>Roboto-Thin.ttf</filename>
			<size>70</size>
		</font>
		<!-- Title Fonts -->
		<font>
			<name>font_flag</name>
			<filename>NotoSans-Bold.ttf</filename>
			<size>18</size>
		</font>
		<font>
			<name>font20_title</name>
			<filename>NotoSans-Bold.ttf</filename>
			<size>20</size>
		</font>
		<font>
			<name>font25_title</name>
			<filename>NotoSans-Bold.ttf</filename>
			<size>25</size>
		</font>
		<font>
			<name>font30_title</name>
			<filename>NotoSans-Bold.ttf</filename>
			<size>30</size>
		</font>
		<font>
			<name>font32_title</name>
			<filename>NotoSans-Bold.ttf</filename>
			<size>32</size>
		</font>
		<font>
			<name>font36_title</name>
			<filename>NotoSans-Bold.ttf</filename>
			<size>36</size>
		</font>
		<font>
			<name>font45_title</name>
			<filename>NotoSans-Bold.ttf</filename>
			<size>45</size>
		</font>
		<font>
			<name>font52_title</name>
			<filename>NotoSans-Bold.ttf</filename>
			<size>52</size>
		</font>
		<font>
			<name>font_MainMenu</name>
			<filename>NotoSans-Bold.ttf</filename>
			<size>60</size>
		</font>
		<font>
			<name>WeatherTemp</name>
			<aspect>0.85</aspect>
			<filename>NotoSans-Bold.ttf</filename>
			<size>120</size>
		</font>
		<font>
			<name>Mono26</name>
			<filename>NotoMono-Regular.ttf</filename>
			<size>26</size>
		</font>
	</fontset>
	<fontset id="Arial" idloc="31053">
		<!-- Arial Font better for non English -->
		<font>
			<name>font10</name>
			<filename>arial.ttf</filename>
			<size>18</size>
		</font>
		<font>
			<name>font12</name>
			<filename>arial.ttf</filename>
			<size>22</size>
		</font>
		<font>
			<name>font13</name>
			<filename>arial.ttf</filename>
			<size>27</size>
		</font>
		<font>
			<name>font14</name>
			<filename>arial.ttf</filename>
			<size>30</size>
		</font>
		<font>
			<name>font25_narrow</name>
			<filename>arial.ttf</filename>
			<size>25</size>
			<linespacing>0.8</linespacing>
		</font>
		<font>
			<name>font27</name>
			<filename>arial.ttf</filename>
			<size>27</size>
		</font>
		<font>
			<name>font37</name>
			<filename>arial.ttf</filename>
			<size>37</size>
		</font>
		<font>
			<name>font45</name>
			<filename>arial.ttf</filename>
			<size>45</size>
		</font>
		<font>
			<name>font60</name>
			<filename>arial.ttf</filename>
			<size>60</size>
			<style>lighten</style>
		</font>
		<font>
			<name>font_clock</name>
			<filename>arial.ttf</filename>
			<size>70</size>
			<style>lighten</style>
		</font>
		<!-- Title Fonts -->
		<font>
			<name>font_flag</name>
			<filename>arial.ttf</filename>
			<size>18</size>
		</font>
		<font>
			<name>font20_title</name>
			<filename>arial.ttf</filename>
			<size>20</size>
			<style>bold</style>
		</font>
		<font>
			<name>font25_title</name>
			<filename>arial.ttf</filename>
			<size>25</size>
			<style>bold</style>
		</font>
		<font>
			<name>font30_title</name>
			<filename>arial.ttf</filename>
			<size>30</size>
			<style>bold</style>
		</font>
		<font>
			<name>font36_title</name>
			<filename>arial.ttf</filename>
			<size>36</size>
			<style>bold</style>
		</font>
		<font>
			<name>font45_title</name>
			<filename>arial.ttf</filename>
			<size>45</size>
			<style>bold</style>
		</font>
		<font>
			<name>font52_title</name>
			<filename>arial.ttf</filename>
			<size>52</size>
			<style>bold</style>
		</font>
		<font>
			<name>font_MainMenu</name>
			<filename>arial.ttf</filename>
			<size>52</size>
			<style>bold</style>
		</font>
		<font>
			<name>WeatherTemp</name>
			<filename>arial.ttf</filename>
			<size>120</size>
			<style>bold</style>
		</font>
		<font>
			<name>Mono26</name>
			<filename>arial.ttf</filename>
			<size>26</size>
		</font>
	</fontset>
</fonts>
