<?xml version="1.0" encoding="UTF-8"?>
<window>
    <onload></onload>

    <views>50</views>
	<defaultcontrol>9000</defaultcontrol>
	<backgroundcolor>background</backgroundcolor>
	<controls>

		<control type="button" id="20000">
			<include>HiddenObject</include>
			<animation effect="fade" time="300" start="100" end="0">Focus</animation>
			<onfocus>SetFocus(2000)</onfocus>
			<onclick>noop</onclick>
			<visible allowhiddenfocus="true">Control.HasFocus(20000)</visible>
		</control>
		<control type="button" id="20001">
			<include>HiddenObject</include>
			<animation effect="fade" time="300" start="100" end="0">Focus</animation>
			<onfocus>SetFocus(2000)</onfocus>
			<onclick>noop</onclick>
			<visible allowhiddenfocus="true">Control.HasFocus(20001)</visible>
		</control>
		
		<include>DefaultBackground</include>
		
		<control type="multiimage">
			<depth>DepthBackground</depth>
			<include>FullScreenDimensions</include>
			<aspectratio>scale</aspectratio>
			<fadetime>600</fadetime>
			<animation effect="zoom" center="auto" end="102,102" time="0" condition="Integer.IsGreater(System.StereoscopicMode,0)">conditional</animation>
			<animation effect="fade" start="0" end="100" time="400">WindowOpen</animation>
			<animation effect="fade" start="100" end="0" time="300">WindowClose</animation>
			<animation effect="fade" time="400">VisibleChange</animation>
			<imagepath background="true" colordiffuse="bg_overlay">$VAR[HomeFanartVar]</imagepath>
			<visible>!Player.HasMedia</visible>
		</control>
		
		<control type="group">   <!--==========This is the main group/parent===========-->  
			<animation effect="fade" start="100" end="0" time="200" tween="sine" condition="$EXP[infodialog_active]">Conditional</animation>
			
			<control type="group" id="2000">   <!--=========Button/Item information groups: When highlighted/focused.==========-->
				<left>462</left>
				<animation type="Conditional" condition="Control.IsVisible(20000)" reversible="false">
					<effect type="slide" end="0,20" time="60" tween="sine" />
					<effect type="slide" end="0,-20" time="180" tween="sine" delay="80" />
				</animation>
				<animation type="Conditional" condition="Control.IsVisible(20001)" reversible="false">
					<effect type="slide" end="0,-20" time="60" tween="sine" />
					<effect type="slide" end="0,20" time="180" tween="sine" delay="80" />
				</animation>
				
				<!-- <include>OpenClose_Right</include> -->
				
				<!-- <control type="group" id="5000">
				
				    <include>OpenClose_Right</include>
					
					<visible>String.IsEqual(Container(9000).ListItem.Property(id),movies)</visible>
					<include content="Visible_Right_Delayed">
						<param name="id" value="movies"/>
					</include>
					<control type="grouplist" id="5001">
						<include>WidgetGroupListCommon</include>
						<pagecontrol>5010</pagecontrol>
						<include content="WidgetListCategories" condition="Library.HasContent(movies) + !Skin.HasSetting(home_no_categories_widget)">
							<param name="content_path" value="library://video/movies/"/>
							<param name="widget_header" value="$LOCALIZE[31148]"/>
							<param name="widget_target" value="videos"/>
							<param name="list_id" value="5900"/>
						</include>
						<include content="WidgetListPoster" condition="Library.HasContent(movies)">
							<param name="content_path" value="special://skin/playlists/inprogress_movies.xsp"/>
							<param name="widget_header" value="$LOCALIZE[31010]"/>
							<param name="widget_target" value="videos"/>
							<param name="list_id" value="5100"/>
						</include>
						<include content="WidgetListPoster" condition="Library.HasContent(movies)">
							<param name="content_path" value="special://skin/playlists/recent_unwatched_movies.xsp"/>
							<param name="widget_header" value="$LOCALIZE[20386]"/>
							<param name="widget_target" value="videos"/>
							<param name="list_id" value="5200"/>
						</include>
						<include content="WidgetListPoster" condition="Library.HasContent(movies)">
							<param name="content_path" value="special://skin/playlists/unwatched_movies.xsp"/>
							<param name="widget_header" value="$LOCALIZE[31007]"/>
							<param name="widget_target" value="videos"/>
							<param name="list_id" value="5300"/>
						</include>
						<include content="WidgetListPoster" condition="Library.HasContent(movies)">
							<param name="content_path" value="special://skin/playlists/random_movies.xsp"/>
							<param name="widget_header" value="$LOCALIZE[31006]"/>
							<param name="widget_target" value="videos"/>
							<param name="list_id" value="5400"/>
						</include>
						<include content="WidgetListCategories" condition="Library.HasContent(movies)">
							<param name="content_path" value="videodb://movies/genres/"/>
							<param name="widget_header" value="$LOCALIZE[135]"/>
							<param name="widget_target" value="videos"/>
							<param name="list_id" value="5500"/>
							<param name="icon" value="$VAR[WidgetGenreIconVar]"/>
							<param name="icon_height" value="70"/>
						</include>
						<include content="WidgetListPoster" condition="Library.HasContent(movies)">
							<param name="content_path" value="videodb://movies/sets/"/>
							<param name="widget_header" value="$LOCALIZE[31075]"/>
							<param name="widget_target" value="videos"/>
							<param name="sortby" value="random"/>
							<param name="list_id" value="5600"/>
						</include>
					</control>
					<include content="ImageWidget" condition="!Library.HasContent(movies)">
						<param name="text_label" value="$LOCALIZE[31104]" />
						<param name="button_label" value="$LOCALIZE[31110]" />
						<param name="button_onclick" value="ActivateWindow(videos,files,return)"/>
						<param name="button_id" value="5500"/>
						<param name="button2_onclick" value="Skin.SetBool(HomeMenuNoMovieButton)"/>
					</include>
					<include content="WidgetScrollbar" condition="Skin.HasSetting(touchmode)">
						<param name="scrollbar_id" value="5010"/>
					</include>
				</control> -->
				
				<!-- <control type="group" id="6000">
				
				    <include>OpenClose_Right</include>
				
					<visible>String.IsEqual(Container(9000).ListItem.Property(id),tvshows)</visible>
					<include content="Visible_Right_Delayed">
						<param name="id" value="tvshows"/>
					</include>
					<control type="grouplist" id="6001">
						<include>WidgetGroupListCommon</include>
						<pagecontrol>6010</pagecontrol>
						<include content="WidgetListCategories" condition="Library.HasContent(tvshows) + !Skin.HasSetting(home_no_categories_widget)">
							<param name="content_path" value="library://video/tvshows/"/>
							<param name="widget_header" value="$LOCALIZE[31148]"/>
							<param name="widget_target" value="videos"/>
							<param name="list_id" value="6900"/>
						</include>
						<include content="WidgetListPoster" condition="Library.HasContent(tvshows)">
							<param name="content_path" value="videodb://inprogresstvshows"/>
							<param name="sortby" value="lastplayed"/>
							<param name="sortorder" value="descending"/>
							<param name="widget_header" value="$LOCALIZE[626]"/>
							<param name="widget_target" value="videos"/>
							<param name="list_id" value="6100"/>
						</include>
						<include content="WidgetListEpisodes" condition="Library.HasContent(tvshows)">
							<param name="content_path" value="special://skin/playlists/recent_unwatched_episodes.xsp"/>
							<param name="widget_header" value="$LOCALIZE[20387]"/>
							<param name="widget_target" value="videos"/>
							<param name="list_id" value="6200"/>
						</include>
						<include content="WidgetListPoster" condition="Library.HasContent(tvshows)">
							<param name="content_path" value="special://skin/playlists/unwatched_tvshows.xsp"/>
							<param name="widget_header" value="$LOCALIZE[31122]"/>
							<param name="widget_target" value="videos"/>
							<param name="list_id" value="6300"/>
						</include>
						<include content="WidgetListCategories" condition="Library.HasContent(tvshows)">
							<param name="content_path" value="videodb://tvshows/genres/"/>
							<param name="widget_header" value="$LOCALIZE[135]"/>
							<param name="widget_target" value="videos"/>
							<param name="list_id" value="6400"/>
							<param name="icon" value="$VAR[WidgetGenreIconVar]"/>
							<param name="icon_height" value="70"/>
						</include>
						<include content="WidgetListCategories" condition="Library.HasContent(tvshows)">
							<param name="content_path" value="videodb://tvshows/studios/"/>
							<param name="widget_header" value="$LOCALIZE[20388]"/>
							<param name="widget_target" value="videos"/>
							<param name="list_id" value="6500"/>
							<param name="icon" value="$VAR[WidgetStudioIconVar]"/>
							<param name="icon_height" value="70"/>
						</include>
					</control>
					<include content="ImageWidget" condition="!Library.HasContent(tvshows)">
						<param name="text_label" value="$LOCALIZE[31104]" />
						<param name="button_label" value="$LOCALIZE[31110]" />
						<param name="button_onclick" value="ActivateWindow(videos,files,return)"/>
						<param name="button_id" value="6400"/>
						<param name="button2_onclick" value="Skin.SetBool(HomeMenuNoTVShowButton)"/>
					</include>
					<include content="WidgetScrollbar" condition="Skin.HasSetting(touchmode)">
						<param name="scrollbar_id" value="6010"/>
					</include>
				</control> -->
				<description>----------------------vV Home button when focused/highlighed Vv----------------------</description>
				<control type="group" id="8000">
				    <posx>12</posx>
					<posy>80</posy>
				    <include>OpenClose_Right</include>				
					<visible>String.IsEqual(Container(9000).ListItem.Property(id),addons)</visible>
					
					<include content="Visible_Right_Delayed">
						<param name="id" value="addons"/>
					</include>					
					
					<control type="grouplist" id="8001">
					    <include>KodiQ-RowGap</include>						
						<!-- <pagecontrol>8010</pagecontrol> -->
						<include content="KodiQ-VerticalFixedListCategoriesLayout" condition="!Skin.HasSetting(home_no_categories_widget)" >
							<param name="content_path" value="addons://"/>
							<param name="widget_header" value="$LOCALIZE[31148]"/>
							<param name="widget_target" value="addonbrowser"/>
							<param name="list_id" value="8900"/>
							<param name="visible" value="Integer.IsGreater(Container(8100).NumItems,0) | Integer.IsGreater(Container(8200).NumItems,0) | Integer.IsGreater(Container(8300).NumItems,0) | Integer.IsGreater(Container(8400).NumItems,0) | Integer.IsGreater(Container(8500).NumItems,0) | Integer.IsGreater(Container(8700).NumItems,0)"/>
						</include>
						<include content="KodiQ-VerticalFixedListCategoriesLayout">
							<param name="content_path" value="addons://sources/video/"/>
							<param name="widget_header" value="$LOCALIZE[1037]"/>
							<param name="widget_target" value="videos"/>
							<param name="sortby" value="lastused"/>
							<param name="sortorder" value="descending"/>
							<param name="list_id" value="8100"/>
							<param name="fallback_icon" value="DefaultAddon.png"/>
						</include>
						<include content="KodiQ-VerticalFixedListCategoriesLayout">
							<param name="content_path" value="addons://sources/audio/"/>
							<param name="widget_header" value="$LOCALIZE[1038]"/>
							<param name="widget_target" value="music"/>
							<param name="sortby" value="lastused"/>
							<param name="sortorder" value="descending"/>
							<param name="list_id" value="8200"/>
							<param name="fallback_icon" value="DefaultAddon.png"/>
						</include>
						<include content="KodiQ-VerticalFixedListCategoriesLayout">
							<param name="content_path" value="addons://sources/game/"/>
							<param name="widget_header" value="$LOCALIZE[35049]"/>
							<param name="widget_target" value="games"/>
							<param name="sortby" value="lastused"/>
							<param name="sortorder" value="descending"/>
							<param name="list_id" value="8700"/>
							<param name="fallback_icon" value="DefaultAddonGame.png"/>
							<param name="visible" value="System.GetBool(gamesgeneral.enable)"/>
						</include>
						<include content="KodiQ-VerticalFixedListCategoriesLayout">
							<param name="content_path" value="addons://sources/executable/"/>
							<param name="widget_header" value="$LOCALIZE[1043]"/>
							<param name="widget_target" value="programs"/>
							<param name="sortby" value="lastused"/>
							<param name="sortorder" value="descending"/>
							<param name="list_id" value="8300"/>
							<param name="fallback_icon" value="DefaultAddon.png"/>
						</include>
						<include content="KodiQ-VerticalFixedListCategoriesLayout" condition="System.Platform.Android">
							<param name="content_path" value="androidapp://sources/apps/"/>
							<param name="widget_header" value="$LOCALIZE[20244]"/>
							<param name="widget_target" value="programs"/>
							<param name="sortby" value="lastused"/>
							<param name="sortorder" value="descending"/>
							<param name="list_id" value="8400"/>
							<param name="fallback_icon" value="DefaultAddon.png"/>
						</include>
						<include content="KodiQ-VerticalFixedListCategoriesLayout">
							<param name="content_path" value="addons://sources/image/"/>
							<param name="widget_header" value="$LOCALIZE[1039]"/>
							<param name="widget_target" value="pictures"/>
							<param name="sortby" value="lastused"/>
							<param name="sortorder" value="descending"/>
							<param name="list_id" value="8500"/>
						</include>
					</control>
					<include content="ImageWidget">
						<param name="text_label" value="$LOCALIZE[31119]" />
						<param name="button_label" value="$LOCALIZE[31118]" />
						<param name="button_onclick" value="ActivateWindow(addonbrowser)"/>
						<param name="button_id" value="8600"/>
						<param name="visible" value="!Integer.IsGreater(Container(8001).NumItems,0)"/>
						<param name="button2_onclick" value="Skin.SetBool(HomeMenuNoProgramsButton)"/>
					</include>
					<include content="WidgetScrollbar" condition="Skin.HasSetting(touchmode)">
						<param name="scrollbar_id" value="8010"/>
					</include>
				</control>
				
				<!-- ==============================Group for when button/item is focused/highlighed============================ -->
                <!-- <control type="group" id="V11000">
				
				    <include>OpenClose_Right</include>
				
					<visible>String.IsEqual(Container(9000).ListItem.Property(id),q_video)</visible>
					<include content="Visible_Right_Delayed">
						<param name="id" value="q_video"/>
					</include>
					
					<control type="grouplist" id="V11001">
						<include>WidgetGroupListCommon</include>
						<pagecontrol>11010</pagecontrol>
						<include content="WidgetListCategories">
							<param name="content_path" value="library://video/"/>
							<param name="widget_header" value="$LOCALIZE[31148]"/>
							<param name="widget_target" value="videos"/>
							<param name="list_id" value="V11900"/>
						</include>
						<include content="WidgetListCategories">
							<param name="content_path" value="sources://video/"/>
							<param name="widget_header" value="$LOCALIZE[20094]"/>
							<param name="widget_target" value="videos"/>
							<param name="list_id" value="V11100"/>
						</include>
						<include content="WidgetListCategories">
							<param name="content_path" value="special://videoplaylists/"/>
							<param name="widget_header" value="$LOCALIZE[136]"/>
							<param name="widget_target" value="videos"/>
							<param name="list_id" value="V11200"/>
							<param name="icon" value="DefaultPlaylist.png"/>
						</include>
					</control>
					<include content="ImageWidget">
						<param name="text_label" value="$LOCALIZE[31105]" />
						<param name="button_label" value="$LOCALIZE[31110]" />
						<param name="button_onclick" value="ActivateWindow(videos,root)"/>
						<param name="button_id" value="11300"/>
						<param name="visible" value="!Integer.IsGreater(Container(11001).NumItems,0)"/>
						<param name="button2_onclick" value="Skin.SetBool(HomeMenuNoVideosButton)"/>
					</include>
					
				</control> -->
	
				<!-- ==============================Main video button=================================== -->
				<control type="group" id="11000">
				    
					<include>OpenClose_Right</include>
					
					<visible>String.IsEqual(Container(9000).ListItem.Property(id),video)</visible>
					<include content="Visible_Right_Delayed">
						<param name="id" value="video"/>
					</include>
					<control type="grouplist" id="11001">
						<include>WidgetGroupListCommon</include>
						<pagecontrol>11010</pagecontrol>
						<include content="WidgetListCategories">
							<param name="content_path" value="library://video/"/>
							<param name="widget_header" value="$LOCALIZE[31148]"/>
							<param name="widget_target" value="videos"/>
							<param name="list_id" value="11900"/>
						</include>
						<include content="WidgetListCategories">
							<param name="content_path" value="sources://video/"/>
							<param name="widget_header" value="$LOCALIZE[20094]"/>
							<param name="widget_target" value="videos"/>
							<param name="list_id" value="11100"/>
						</include>
						<include content="WidgetListCategories">
							<param name="content_path" value="special://videoplaylists/"/>
							<param name="widget_header" value="$LOCALIZE[136]"/>
							<param name="widget_target" value="videos"/>
							<param name="list_id" value="11200"/>
							<param name="icon" value="DefaultPlaylist.png"/>
						</include>
					</control>
					<include content="ImageWidget">
						<param name="text_label" value="$LOCALIZE[31105]" />
						<param name="button_label" value="$LOCALIZE[31110]" />
						<param name="button_onclick" value="ActivateWindow(videos,root)"/>
						<param name="button_id" value="11300"/>
						<param name="visible" value="!Integer.IsGreater(Container(11001).NumItems,0)"/>
						<param name="button2_onclick" value="Skin.SetBool(HomeMenuNoVideosButton)"/>
					</include>
					<include content="WidgetScrollbar" condition="Skin.HasSetting(touchmode)">
						<param name="scrollbar_id" value="11010"/>
					</include>
				</control>

				<!-- ================================================================ -->
				<control type="group" id="12000">
				
				    <include>OpenClose_Right</include>
				
					<visible>String.IsEqual(Container(9000).ListItem.Property(id),livetv)</visible>
					
					<include content="Visible_Right_Delayed">
						<param name="id" value="livetv"/>
					</include>				
					
					<control type="grouplist" id="12001">
						<include>WidgetGroupListCommon</include>
						<pagecontrol>12010</pagecontrol>
						
						<control type="grouplist" id="12855">
							<height>390</height>
							<left>0</left>
							<right>0</right>
							<top>36</top>
							<orientation>horizontal</orientation>
							<visible>PVR.IsRecordingTV | PVR.HasNonRecordingTVTimer</visible>
							<align>center</align>
							<control type="group">
								<width>674</width>
								<visible>PVR.IsRecordingTV</visible>
								<include content="PVRWidget">
									<param name="icon" value="$INFO[PVR.TVNowRecordingChannelIcon]" />
									<param name="header" value="$LOCALIZE[19158]" />
									<param name="label1" value="$INFO[PVR.TVNowRecordingDateTime]" />
									<param name="label2" value="$INFO[PVR.TVNowRecordingTitle][CR][COLOR=grey]$INFO[PVR.TVNowRecordingChannel][/COLOR]" />
								</include>
							</control>
							<control type="group">
								<width>674</width>
								<visible>PVR.HasNonRecordingTVTimer</visible>
								<include content="PVRWidget">
									<param name="icon" value="$INFO[PVR.TVNextRecordingChannelIcon]" />
									<param name="header" value="$LOCALIZE[19157]" />
									<param name="label1" value="$INFO[PVR.TVNextRecordingDateTime]" />
									<param name="label2" value="$INFO[PVR.TVNextRecordingTitle][CR][COLOR=grey]$INFO[PVR.TVNextRecordingChannel][/COLOR]" />
								</include>
							</control>
						</control>
						
						<include content="WidgetListCategories" condition="System.HasPVRAddon">
							<param name="widget_header" value="$LOCALIZE[31148]"/>
							<param name="list_id" value="12900"/>
							<param name="pvr_submenu" value="true"/>
							<param name="pvr_type" value="TV"/>
						</include>
						<include content="KodiQ_WidgetListChannels" condition="System.HasPVRAddon">
							<param name="content_path" value="pvr://channels/tv/*?view=lastplayed"/>
							<param name="sortby" value="lastplayed"/>
							<param name="sortorder" value="descending"/>
							<param name="widget_header" value="$LOCALIZE[31016]"/>
							<param name="widget_target" value="pvr"/>
							<param name="list_id" value="12200"/>
						</include>
						
						<include content="WidgetListChannels" condition="System.HasPVRAddon">
							<param name="content_path" value="pvr://channels/tv/USA"/>
							<param name="sortby" value="group"/>
							<param name="widget_header" value="USA"/>
							<param name="widget_target" value="pvr"/>
							<param name="list_id" value="12889"/>
						</include>
						
						<include content="WidgetListChannels" condition="System.HasPVRAddon">
							<param name="content_path" value="pvr://channels/tv/24/7"/>
							<param name="sortby" value=""/>
							<param name="widget_header" value="UK"/>
							<param name="widget_target" value="pvr"/>
							<param name="list_id" value="12888"/>
						</include>
						
						<include content="WidgetListChannels" condition="System.HasPVRAddon">
							<param name="content_path" value="pvr://recordings/tv/active?view=flat"/>
							<param name="sortby" value="date"/>
							<param name="sortorder" value="descending"/>
							<param name="widget_header" value="$LOCALIZE[31015]"/>
							<param name="widget_target" value="pvr"/>
							<param name="list_id" value="12300"/>
							<param name="label" value="$INFO[ListItem.ChannelName]"/>
							<param name="label2" value="$INFO[ListItem.Title]$INFO[ListItem.EpisodeName, (,)]"/>
						</include>
					</control>
					<include content="ImageWidget" condition="!System.HasPVRAddon">
						<param name="text_label" value="$LOCALIZE[31143]" />
						<param name="button_label" value="$LOCALIZE[31144]" />
						<param name="button_onclick" value="ActivateWindow(addonbrowser,addons://all/xbmc.pvrclient,return)"/>
						<param name="button_id" value="12400"/>
						<param name="button2_onclick" value="Skin.SetBool(HomeMenuNoTVButton)"/>
					</include>
					<include content="WidgetScrollbar" condition="Skin.HasSetting(touchmode)">
						<param name="scrollbar_id" value="12010"/>
					</include>
				</control>
				
				<!-- <control type="group" id="13000">
					<visible>String.IsEqual(Container(9000).ListItem.Property(id),radio)</visible>
					<include content="Visible_Right_Delayed">
						<param name="id" value="radio"/>
					</include>
					<control type="grouplist" id="13001">
						<include>WidgetGroupListCommon</include>
						<pagecontrol>13010</pagecontrol>
						<control type="grouplist" id="13855">
							<height>390</height>
							<left>25</left>
							<top>36</top>
							<orientation>horizontal</orientation>
							<align>right</align>
							<width>1360</width>
							<visible>PVR.IsRecordingRadio | PVR.HasNonRecordingRadioTimer</visible>
							<control type="group">
								<width>680</width>
								<visible>PVR.IsRecordingRadio</visible>
								<include content="PVRWidget">
									<param name="icon" value="$INFO[PVR.RadioNowRecordingChannelIcon]" />
									<param name="header" value="$LOCALIZE[19158]" />
									<param name="label1" value="$INFO[PVR.RadioNowRecordingDateTime]" />
									<param name="label2" value="$INFO[PVR.RadioNowRecordingTitle][CR][COLOR=grey]$INFO[PVR.RadioNowRecordingChannel][/COLOR]" />
								</include>
							</control>
							<control type="group">
								<visible>PVR.HasNonRecordingRadioTimer</visible>
								<width>680</width>
								<include content="PVRWidget">
									<param name="icon" value="$INFO[PVR.RadioNextRecordingChannelIcon]" />
									<param name="header" value="$LOCALIZE[19157]" />
									<param name="label1" value="$INFO[PVR.RadioNextRecordingDateTime]" />
									<param name="label2" value="$INFO[PVR.RadioNextRecordingTitle][CR][COLOR=grey]$INFO[PVR.RadioNextRecordingChannel][/COLOR]" />
								</include>
							</control>
						</control>
						<include content="WidgetListCategories" condition="System.HasPVRAddon">
							<param name="widget_header" value="$LOCALIZE[31148]"/>
							<param name="list_id" value="13900"/>
							<param name="pvr_submenu" value="true"/>
							<param name="pvr_type" value="Radio"/>
						</include>
						<include content="WidgetListChannels" condition="System.HasPVRAddon">
							<param name="content_path" value="pvr://channels/radio/*?view=lastplayed"/>
							<param name="sortby" value="lastplayed"/>
							<param name="sortorder" value="descending"/>
							<param name="widget_header" value="$LOCALIZE[31018]"/>
							<param name="widget_target" value="files"/>
							<param name="list_id" value="13200"/>
						</include>
						<include content="WidgetListChannels" condition="System.HasPVRAddon">
							<param name="content_path" value="pvr://recordings/radio/active?view=flat"/>
							<param name="sortby" value="date"/>
							<param name="sortorder" value="descending"/>
							<param name="widget_header" value="$LOCALIZE[31015]"/>
							<param name="widget_target" value="pvr"/>
							<param name="list_id" value="13300"/>
							<param name="label" value="$INFO[ListItem.ChannelName]"/>
							<param name="label2" value="$INFO[ListItem.Title]$INFO[ListItem.EpisodeName, (,)]"/>
						</include>
					</control>
					<include content="ImageWidget" condition="!System.HasPVRAddon">
						<param name="text_label" value="$LOCALIZE[31143]" />
						<param name="button_label" value="$LOCALIZE[31144]" />
						<param name="button_onclick" value="ActivateWindow(addonbrowser,addons://all/xbmc.pvrclient,return)"/>
						<param name="button_id" value="13400"/>
						<param name="button2_onclick" value="Skin.SetBool(HomeMenuNoRadioButton)"/>
					</include>
					<include content="WidgetScrollbar" condition="Skin.HasSetting(touchmode)">
						<param name="scrollbar_id" value="13010"/>
					</include>
				</control> -->
				<!-- ======================================================================= -->

				<!--============Catch up TV============================================================================-->
                <control type="group" id="13500">
				
				    <include>OpenClose_Right</include>
				
				    <defaultcontrol always="true">13503</defaultcontrol>
				    <posx>12</posx>          <!--=====================Location of the layout=======================================-->
				    <posy>400</posy>   <!--500-->

				    <width>1446</width>       <!--=====================Width & Height of layout===========================-->
				    <height>760</height>
					<visible>String.IsEqual(Container(9000).ListItem.Property(id),catchuptv)</visible>
					<!-- <include content="subContentPanel"></include> -->
                   
					<include>KodiQ-CatchUpTvInfoBar</include>
					
					<control type="group">
					    <posx>-500</posx> 
				        <posy>-255</posy>
					    <include>KodiQ_MediaFlags</include>						
					</control>
	
					<include content="Visible_Right_Delayed">
						<param name="id" value="catchuptv"/>
					</include>
					
					<!-- <include content="CategoryLabel">
						<param name="label">$PARAM[widget_header]</param>
						<param name="list_id" value="$PARAM[list_id]"/>
					</include> -->
					
					<control type="grouplist" id="13501">				
						<include>WidgetGroupListCommon</include>
						
						<include content="KodiQ-FixedListHorizontalEpisodes">
							<param name="content_path" value="plugin://plugin.video.youtube/?\"/>
							<param name="widget_header" value="Recommended"/>
							<param name="widget_target" value="videos"/>
							<param name="sortby" value="random"/>
							<param name="list_id" value="13507"/>
						</include>
						
						<include content="KodiQ-FixedListHorizontalEpisodes">
							<param name="content_path" value="plugin://plugin.video.Galaxy/?action=tvshows&amp;name=Shows&amp;url=http%3a%2f%2fwww.tvmaze.com%2fnetworks%2f12%2fbbc-one"/>
							<param name="widget_header" value="BBC iPlayer"/>
							<param name="widget_target" value="videos"/>
							<param name="sortby" value="random"/>
							<param name="list_id" value="13503"/>
						</include>
						<include content="KodiQ-FixedListHorizontalEpisodes">
							<param name="content_path" value="plugin://plugin.video.Galaxy/?action=tvshows&amp;name=Shows&amp;url=http%3a%2f%2fwww.tvmaze.com%2fnetworks%2f35%2fitv"/>
							<param name="widget_header" value="itv Hub"/>
							<param name="widget_target" value="videos"/>
							<param name="sortby" value="random"/>
							<param name="list_id" value="13504"/>
						</include>
						<include content="KodiQ-FixedListHorizontalEpisodes">
							<param name="content_path" value="plugin://plugin.video.Galaxy/?action=tvshows&amp;url=http%3a%2f%2fwww.tvmaze.com%2fnetworks%2f45%2fchannel-4"/>
							<param name="widget_header" value="All 4"/>
							<param name="widget_target" value="videos"/>
							<param name="sortby" value="random"/>
							<param name="list_id" value="13505"/>
						</include>
						<include content="KodiQ-FixedListHorizontalEpisodes">
							<param name="content_path" value="plugin://plugin.video.Galaxy/?action=tvshows&amp;url=http%3a%2f%2fwww.tvmaze.com%2fnetworks%2f135%2fchannel-5"/>
							<param name="widget_header" value="My 5"/>
							<param name="widget_target" value="videos"/>
							<param name="sortby" value="random"/>
							<param name="list_id" value="13506"/>
						</include>
                        <!-- <include content="KodiQ-FixedListHorizontalEpisodes">
							<param name="content_path" value="plugin://plugin.video.youtube/?action=live&amp;url=http://www.youtube.com/trending"/>
							<param name="widget_header" value="Trending"/>
							<param name="widget_target" value="videos"/>
							<param name="latest" value="random"/>
							<param name="list_id" value="13509"/>
						</include> -->						
					</control>
				</control>

				<control type="group" id="14000">
				
				    <include>OpenClose_Right</include>
				
					<visible>String.IsEqual(Container(9000).ListItem.Property(id),favorites)</visible>
					<include content="Visible_Right_Delayed">
						<param name="id" value="favorites"/>
					</include>
					<control type="panel" id="14100">
						<left>65</left>
						<top>0</top>
						<right>0</right>
						<bottom>0</bottom>
						<onleft>9000</onleft>
						<onright>9000</onright>
						<onup>14100</onup>
						<ondown>14100</ondown>
						<preloaditems>2</preloaditems>
						<scrolltime tween="cubic" easing="out">500</scrolltime>
						<orientation>vertical</orientation>
						<pagecontrol>14010</pagecontrol>
						<visible>Integer.IsGreater(Container(14100).NumItems,0) | Container(14100).IsUpdating</visible>
						<itemlayout width="330" height="396">
							<control type="group">
								<top>130</top>
								<include content="InfoWallMusicLayout">
									<param name="fallback_image" value="DefaultFavourites.png" />
									<param name="focused" value="false" />
								</include>
							</control>
						</itemlayout>
						
						<focusedlayout width="330" height="396">
							<control type="group">
								<depth>DepthContentPopout</depth>
								<top>130</top>
								<animation effect="zoom" start="100" end="110" time="200" tween="sine" easing="inout" center="170,320">Focus</animation>
								<animation effect="zoom" start="110" end="100" time="200" tween="sine" easing="inout" center="170,320">UnFocus</animation>
								<include content="InfoWallMusicLayout">
									<param name="fallback_image" value="DefaultFavourites.png" />
									<param name="focused" value="true" />
								</include>
							</control>
						</focusedlayout>
						
						<content>favourites://</content>
					</control>
					<include content="ImageWidget">
						<param name="text_label" value="$LOCALIZE[31025]" />
						<param name="button_label" value="$LOCALIZE[31116]" />
						<param name="button_onclick" value=""/>
						<param name="button_id" value="5500"/>
						<param name="visible" value="!Integer.IsGreater(Container(14100).NumItems,0) + !Container(14100).IsUpdating"/>
						<param name="visible_1" value="false"/>
						<param name="button2_onclick" value="Skin.SetBool(HomeMenuNoFavButton)"/>
					</include>
					<include content="WidgetScrollbar" condition="Skin.HasSetting(touchmode)">
						<param name="scrollbar_id" value="14010"/>
					</include>
				</control>
				
				<!-- <control type="group" id="15000">
					<visible>String.IsEqual(Container(9000).ListItem.Property(id),weather)</visible>
					<include content="Visible_Right_Delayed">
						<param name="id" value="weather"/>
					</include>
					<control type="grouplist" id="15001">
						<include>WidgetGroupListCommon</include>
						<pagecontrol>15010</pagecontrol>
						<control type="group" id="16678">
							<description>Weather info</description>
							<left>68</left>
							<right>70</right>
							<top>102</top>
							<height>300</height>
							<visible>!String.IsEmpty(Weather.plugin)</visible>
							<control type="image">
								<bottom>90</bottom>
								<width>100%</width>
								<texture border="21">dialogs/dialog-bg.png</texture>
							</control>
							<control type="label">
								<left>840</left>
								<top>60</top>
								<aligny>center</aligny>
								<height>24</height>
								<right>60</right>
								<align>right</align>
								<font>font30_title</font>
								<label>$INFO[Weather.Location]</label>
							</control>
							<control type="label">
								<left>840</left>
								<top>120</top>
								<aligny>center</aligny>
								<height>24</height>
								<right>60</right>
								<align>right</align>
								<font>font14</font>
								<label>$INFO[Weather.Conditions,, ∙ ]$INFO[Weather.Temperature]</label>
							</control>
							<control type="grouplist">
								<top>50</top>
								<left>50</left>
								<right>20</right>
								<orientation>horizontal</orientation>
								<align>left</align>
								<itemgap>-110</itemgap>
								<include content="WeatherIcon" condition="!String.IsEmpty(Weather.Plugin)">
									<param name="label" value="Window(weather).Property(Current.Wind)" />
									<param name="texture" value="icons/weather/wind.png" />
									<param name="header" value="404" />
								</include>
								<include content="WeatherIcon" condition="!String.IsEmpty(Weather.Plugin)">
									<param name="label" value="Window(weather).Property(Current.Humidity)" />
									<param name="texture" value="icons/weather/humidity.png" />
									<param name="header" value="406" />
								</include>
								<include content="WeatherIcon" condition="!String.IsEmpty(Weather.Plugin)">
									<param name="label" value="Window(weather).Property(Current.Precipitation)" />
									<param name="texture" value="icons/weather/rain.png" />
									<param name="header" value="33021" />
								</include>
								<include content="WeatherIcon" condition="!String.IsEmpty(Weather.Plugin)">
									<param name="label" value="Window(weather).Property(Today.Sunrise)" />
									<param name="texture" value="icons/weather/sunrise.png" />
									<param name="header" value="405" />
								</include>
								<include content="WeatherIcon" condition="!String.IsEmpty(Weather.Plugin)">
									<param name="label" value="Window(weather).Property(Today.Sunset)" />
									<param name="texture" value="icons/weather/sunset.png" />
									<param name="header" value="403" />
								</include>
							</control>
						</control>
						<include content="WeatherWidget" condition="!String.IsEmpty(Weather.Plugin)">
							<param name="content_include" value="DailyItems" />
							<param name="list_id" value="15200" />
							<param name="widget_header" value="$LOCALIZE[31019]"/>
							<param name="visible" value="!String.IsEmpty(Window(weather).Property(Daily.IsFetched))" />
						</include>
						<include content="WeatherWidget" condition="!String.IsEmpty(Weather.Plugin)">
							<param name="content_include" value="HourlyItems" />
							<param name="list_id" value="15100" />
							<param name="widget_header" value="$LOCALIZE[33036]"/>
							<param name="visible" value="!String.IsEmpty(Window(weather).Property(Hourly.IsFetched))" />
						</include>
					</control>
					<include content="ImageWidget" condition="String.IsEmpty(Weather.plugin)">
						<param name="text_label" value="$LOCALIZE[31120]" />
						<param name="button_label" value="$LOCALIZE[31121]" />
						<param name="button_onclick" value="ActivateWindow(servicesettings,weather)"/>
						<param name="button_id" value="15300"/>
						<param name="button2_onclick" value="Skin.SetBool(HomeMenuNoWeatherButton)"/>
					</include>
					<include content="WidgetScrollbar" condition="Skin.HasSetting(touchmode)">
						<param name="scrollbar_id" value="15010"/>
					</include>
				</control> -->
				
				<control type="group" id="16000">
				
				    <include>OpenClose_Right</include>
				
					<visible>String.IsEqual(Container(9000).ListItem.Property(id),musicvideos)</visible>
					<include content="Visible_Right_Delayed">
						<param name="id" value="musicvideos"/>
					</include>
					<control type="grouplist" id="16001">
						<include>WidgetGroupListCommon</include>
						<pagecontrol>16010</pagecontrol>
						<include content="WidgetListCategories" condition="Library.HasContent(musicvideos) + !Skin.HasSetting(home_no_categories_widget)">
							<param name="content_path" value="library://video/musicvideos/"/>
							<param name="widget_header" value="$LOCALIZE[31148]"/>
							<param name="widget_target" value="videos"/>
							<param name="list_id" value="16900"/>
						</include>
						<include content="WidgetListEpisodes" condition="Library.HasContent(musicvideos)">
							<param name="content_path" value="videodb://recentlyaddedmusicvideos/"/>
							<param name="widget_header" value="$LOCALIZE[20390]"/>
							<param name="widget_target" value="videos"/>
							<param name="main_label" value="$INFO[ListItem.Label]" />
							<param name="sub_label" value="$INFO[ListItem.Artist]" />
							<param name="thumb_label" value="$INFO[ListItem.Year]" />
							<param name="fallback_image" value="DefaultMusicSongs.png" />
							<param name="list_id" value="16300"/>
						</include>
						<include content="WidgetListEpisodes" condition="Library.HasContent(musicvideos)">
							<param name="content_path" value="special://skin/playlists/unwatched_musicvideos.xsp"/>
							<param name="widget_header" value="$LOCALIZE[31151]"/>
							<param name="widget_target" value="videos"/>
							<param name="main_label" value="$INFO[ListItem.Label]" />
							<param name="sub_label" value="$INFO[ListItem.Artist]" />
							<param name="thumb_label" value="$INFO[ListItem.Year]" />
							<param name="fallback_image" value="DefaultMusicSongs.png" />
							<param name="list_id" value="16400"/>
						</include>
						<include content="WidgetListSquare" condition="Library.HasContent(musicvideos)">
							<param name="content_path" value="special://skin/playlists/random_musicvideo_artists.xsp"/>
							<param name="widget_header" value="$LOCALIZE[31013]"/>
							<param name="widget_target" value="music"/>
							<param name="list_id" value="16200"/>
							<param name="widget_limit" value="10"/>
						</include>
						<include content="WidgetListEpisodes" condition="Library.HasContent(musicvideos)">
							<param name="content_path" value="special://skin/playlists/random_musicvideos.xsp"/>
							<param name="widget_header" value="$LOCALIZE[31152]"/>
							<param name="widget_target" value="videos"/>
							<param name="main_label" value="$INFO[ListItem.Label]" />
							<param name="sub_label" value="$INFO[ListItem.Artist]" />
							<param name="thumb_label" value="$INFO[ListItem.Year]" />
							<param name="fallback_image" value="DefaultMusicSongs.png" />
							<param name="list_id" value="16500"/>
						</include>
						<include content="WidgetListCategories" condition="Library.HasContent(musicvideos)">
							<param name="content_path" value="videodb://musicvideos/studios/"/>
							<param name="widget_header" value="$LOCALIZE[20388]"/>
							<param name="widget_target" value="music"/>
							<param name="list_id" value="16600"/>
							<param name="icon" value="$VAR[WidgetStudioIconVar]"/>
							<param name="icon_height" value="70"/>
						</include>
					</control>
					<include content="ImageWidget" condition="!Library.HasContent(musicvideos)">
						<param name="text_label" value="$LOCALIZE[31104]" />
						<param name="button_label" value="$LOCALIZE[31110]" />
						<param name="button_onclick" value="ActivateWindow(videos,files,return)"/>
						<param name="button_id" value="16800"/>
						<param name="button2_onclick" value="Skin.SetBool(HomeMenuNoMusicVideoButton)"/>
					</include>
					<include content="WidgetScrollbar" condition="Skin.HasSetting(touchmode)">
						<param name="scrollbar_id" value="16010"/>
					</include>
				</control>
				
				<control type="group" id="4000">
				
				    <include>OpenClose_Right</include>
				
					<visible>String.IsEqual(Container(9000).ListItem.Property(id),pictures)</visible>
					<include content="Visible_Right_Delayed">
						<param name="id" value="pictures"/>
					</include>
					<control type="grouplist" id="4001">
						<include>WidgetGroupListCommon</include>
						<include content="KodiQ_PanelListHorizontalCategories" condition="!Skin.HasSetting(HomeMenuNoPicturesButton)">
							<param name="content_path" value="sources://pictures/"/>
							<param name="widget_header" value="$LOCALIZE[20094]"/>
							<param name="widget_target" value="pictures"/>
							<param name="list_id" value="4100"/>
							<!-- <param name="icon_height" value="110"/> -->
						</include>
					</control>
				</control>
				
				<control type="group" id="17000">
				
				    <include>OpenClose_Right</include>
				
					<visible>String.IsEqual(Container(9000).ListItem.Property(id),games)</visible>
					<include content="Visible_Right_Delayed">
						<param name="id" value="games"/>
					</include>
					<control type="grouplist" id="17001">
						<include>WidgetGroupListCommon</include>
						<pagecontrol>17010</pagecontrol>
						<include content="WidgetListSquare">
							<param name="content_path" value="addons://sources/game/"/>
							<param name="widget_header" value="$LOCALIZE[35049]"/>
							<param name="widget_target" value="games"/>
							<param name="sortby" value="lastused"/>
							<param name="sortorder" value="descending"/>
							<param name="list_id" value="17200"/>
							<param name="fallback_icon" value="DefaultAddonGame.png"/>
						</include>
					</control>
					<include content="ImageWidget">
						<param name="text_label" value="$LOCALIZE[31162]" />
						<param name="button_label" value="$LOCALIZE[31144]" />
						<param name="button_onclick" value="ActivateWindow(addonbrowser,addons://all/category.gameaddons,return)"/>
						<param name="button_id" value="17100"/>
						<param name="visible" value="!Integer.IsGreater(Container(17001).NumItems,0)"/>
						<param name="button2_onclick" value="Skin.SetBool(HomeMenuNoGamesButton)"/>
					</include>
					<include content="WidgetScrollbar" condition="Skin.HasSetting(touchmode)">
						<param name="scrollbar_id" value="17010"/>
					</include>
				</control>
				
				<control type="group" id="21000">
				
				    <include>OpenClose_Right</include>
				
					<visible>String.IsEqual(Container(9000).ListItem.Property(id),disc)</visible>
					<include content="Visible_Right_Delayed">
						<param name="id" value="disc"/>
					</include>
					<include content="ImageWidget">
						<param name="text_label" value="$INFO[System.DVDLabel]" />
						<param name="button_label" value="$LOCALIZE[341]" />
						<param name="button_onclick" value="PlayDisc"/>
						<param name="button_id" value="21100"/>
						<param name="visible" value="true"/>
						<param name="button2_label" value="$LOCALIZE[13391]"/>
						<param name="button2_onclick" value="EjectTray()"/>
						<param name="button3_label" value="$LOCALIZE[600]"/>
						<param name="button3_onclick" value="RipCD"/>
						<param name="visible_3" value="System.HasMediaAudioCD"/>
					</include>
				</control>
				<description>----------------------vV Music button when focused/highlighed Vv----------------------</description>				
				<control type="group" id="7000">
                    <posx>12</posx>
					<posy>80</posy>				
				    <include>OpenClose_Right</include>				
					<visible>String.IsEqual(Container(9000).ListItem.Property(id),music)</visible>
					
					<include content="Visible_Right_Delayed">
						<param name="id" value="music"/>
					</include>
					
					<control type="grouplist" id="7001">
						<include>KodiQ-RowGap</include>
						<!-- <pagecontrol>7010</pagecontrol> -->
						<include content="KodiQ-VerticalFixedListMusicLayout" condition="Library.HasContent(music) + !Skin.HasSetting(home_no_categories_widget)">
							<param name="content_path" value="library://music/"/>
							<param name="widget_header" value="$LOCALIZE[31148]"/>
							<param name="widget_target" value="music"/>
							<param name="list_id" value="7900"/>
						</include>
						<include content="KodiQ-VerticalFixedListMusicLayout" condition="Library.HasContent(music)">
							<param name="content_path" value="musicdb://recentlyplayedalbums"/>
							<param name="widget_header" value="$LOCALIZE[517]"/>
							<param name="widget_target" value="music"/>
							<param name="list_id" value="7100"/>
							<param name="fallback_icon" value="DefaultMusicAlbums.png"/>
						</include>
						<include content="KodiQ-VerticalFixedListMusicLayout" condition="Library.HasContent(music)">
							<param name="content_path" value="musicdb://recentlyaddedalbums/"/>
							<param name="widget_header" value="$LOCALIZE[359]"/>
							<param name="widget_target" value="music"/>
							<param name="list_id" value="7200"/>
							<param name="fallback_icon" value="DefaultMusicAlbums.png"/>
						</include>
						<include content="KodiQ-VerticalFixedListMusicLayout" condition="Library.HasContent(music)">
							<param name="content_path" value="special://skin/playlists/random_albums.xsp"/>
							<param name="widget_header" value="$LOCALIZE[31012]"/>
							<param name="widget_target" value="music"/>
							<param name="list_id" value="7300"/>
							<param name="fallback_icon" value="DefaultMusicAlbums.png"/>
						</include>
						<include content="KodiQ-VerticalFixedListMusicLayout" condition="Library.HasContent(music)">
							<param name="content_path" value="special://skin/playlists/random_artists.xsp"/>
							<param name="widget_header" value="$LOCALIZE[31013]"/>
							<param name="widget_target" value="music"/>
							<param name="list_id" value="7400"/>
							<param name="fallback_icon" value="DefaultMusicArtists.png"/>
						</include>
						<include content="KodiQ-VerticalFixedListMusicLayout" condition="Library.HasContent(music)">
							<param name="content_path" value="special://skin/playlists/unplayed_albums.xsp"/>
							<param name="widget_header" value="$LOCALIZE[31014]"/>
							<param name="widget_target" value="music"/>
							<param name="list_id" value="7500"/>
							<param name="fallback_icon" value="DefaultMusicAlbums.png"/>
						</include>
						<include content="KodiQ-VerticalFixedListMusicLayout" condition="Library.HasContent(music)">
							<param name="content_path" value="special://skin/playlists/mostplayed_albums.xsp"/>
							<param name="widget_header" value="$LOCALIZE[31011]"/>
							<param name="widget_target" value="music"/>
							<param name="list_id" value="7600"/>
							<param name="fallback_icon" value="DefaultMusicAlbums.png"/>
							<param name="sortby" value="playcount"/>
							<param name="sortorder" value="descending"/>
						</include>
					</control>
					<include content="ImageWidget" condition="!Library.HasContent(music)">
						<param name="text_label" value="$LOCALIZE[31104]" />
						<param name="button_label" value="$LOCALIZE[31110]" />
						<param name="button_onclick" value="ActivateWindow(music,files)"/>
						<param name="button_id" value="7600"/>
						<param name="button2_onclick" value="Skin.SetBool(HomeMenuNoMusicButton)"/>
					</include>
					<include content="WidgetScrollbar" condition="Skin.HasSetting(touchmode)">
						<param name="scrollbar_id" value="7010"/>
					</include>
				</control>
				<description>---------------vV Tv Guide Show button when focused/highlighed Vv--------------</description>				
                <control type="group" id="18001">

                    <posx>12</posx>
					<posy>362</posy>
					<width>0</width>
				    <height>718</height>									
					<include content="Visible_Right_Delayed">
						<param name="id" value="livetv_2"/>
					</include>					
				    <include>OpenClose_Right</include>
					
					<visible>String.IsEqual(Container(9000).ListItem.Property(id),livetv_2)</visible>				
				
					<control type="group">
					    <posx>0</posx> 
				        <posy>-6</posy>
					    <include>TestInfoBar</include>
					</control>

					<control type="group">
					    <posx>0</posx> 
				        <posy>-6</posy>
					    <include>KodiQ-VideosInfoBar</include>
					</control>
					<!-- <control type="group">
					    <posx>0</posx> 
				        <posy>0</posy>
					    <include>KodiQ_Tmdb_Info</include>						
					</control> -->
					
					<control type="grouplist" id="18002">
					
					    <!-- <visible>ControlGroup().HasFocus() + Container.Content() | </visible> -->
					
						<include>KodiQ-RowGap-FixedList-Movies</include>
						<scrolltime tween="cubic" easing="inout">500</scrolltime>						
						<include content="KodiQ-FixedListVerticalMovies">       
							<param name="content_path" value="plugin://plugin.video.themoviedb.helper?info=trending_day&amp;type=movie"/>
							<param name="widget_header" value="Trending Today"/> 
							<param name="widget_target" value="video"/>
							<!-- <param name="sortby" value="added"/> -->
							<param name="list_id" value="13507"/>
						</include>						
						<!-- <include content="KodiQ-FixedListVerticalMovies">       
							<param name="content_path" value="plugin://plugin.video.themoviedb.helper?info=on_the_air&amp;type=tv"/>
							<param name="widget_header" value="OnAirTvShows"/> 
							<param name="widget_target" value="video"/>
							<param name="sortby" value="added"/>
							<param name="list_id" value="13508"/>
						</include>-->
						<include content="KodiQ-FixedListVerticalMovies">       
							<param name="content_path" value="plugin://plugin.video.themoviedb.helper?info=trending_week&amp;type=movie"/>
							<param name="widget_header" value="Trending This Week"/> 
							<param name="widget_target" value="video"/>
							<!-- <param name="sortby" value="added"/> -->
							<param name="list_id" value="13508"/>
						</include>
						<include content="KodiQ-FixedListVerticalMovies">       
							<param name="content_path" value="plugin://plugin.video.themoviedb.helper?info=airing_today&amp;type=tv"/>
							<param name="widget_header" value="TrendingMovies"/> 
							<param name="widget_target" value="video"/>
							<param name="sortby" value="added"/>
							<param name="list_id" value="13509"/>
						</include>						
						<include content="KodiQ-FixedListVerticalMovies">       
							<param name="content_path" value="plugin://plugin.video.themoviedb.helper?info=now_playing&amp;type=movie"/>
							<param name="widget_header" value="InCinemas"/> 
							<param name="widget_target" value="video"/>
							<!-- <param name="sortby" value="added"/> -->
							<param name="list_id" value="13510"/>
						</include>						
						<include content="KodiQ-FixedListVerticalLiveTv">       
							<param name="content_path" value="pvr://channels/tv/*?view=lastplayed"/>
							<param name="sortby" value="lastplayed"/>
							<param name="sortorder" value="descending"/>
							<param name="widget_header" value="LastPlayed"/>
							<param name="widget_target" value="pvr"/>
							<param name="list_id" value="13512"/>
						</include>						
					</control>
					<include content="ImageWidget" condition="!System.HasPVRAddon">
						<param name="text_label" value="$LOCALIZE[31143]" />
						<param name="button_label" value="$LOCALIZE[31144]" />
						<param name="button_onclick" value="ActivateWindow(addonbrowser,addons://all/xbmc.pvrclient,return)"/>
						<param name="button_id" value="12400"/>
						<param name="button2_onclick" value="Skin.SetBool(HomeMenuNoTVButton)"/>
					</include>
				</control>

				<!-- ==============================Group for when button/item is focused/highlighed to show information on the right============================ -->
                
				<!-- <control type="group" id="12050">
				
				    <include>OpenClose_Right</include>
				
					<visible>String.IsEqual(Container(9000).ListItem.Property(id),epgguide)</visible>
					
					<include content="Visible_Right_Delayed">
						<param name="id" value="epgguide"/>
					</include>
					
					<control type="group" id="12051">		
                        <control type="group">
						    <posx>0</posx>
							<posy>0</posy>

						</control>
				    </control>
				</control> -->

				<!--=============================================================-->
	
				<control type="grouplist" id="17700">
					<visible>String.IsEqual(Container(9000).ListItem.Property(id),qsettings)</visible>
					<include content="Visible_Right_Delayed">
						<param name="id" value="qsettings"/>
					</include>
					
					<!-- <include>Close_FadeSlide_Right</include> -->
					
					<left>-462</left>
					<control type="grouplist" id="17701">
						<posx>0</posx>
						<posy>0</posy>
						<control type="group">
							<posx>0</posx>
							<posy>0</posy>
							<include>KodiQ-GroupListSystemStatsLayout</include>
						</control>
						
						<control type="group">
							<posx>0</posx>
							<posy>0</posy>
							<include>KodiQ-SystemInfoHighlightLayout</include>
						</control>
					</control>
					
				</control>
			</control>

			<!--======================================================================Main Menu========================================================================-->
			<!-- =========vvv==This is the modifdied snippit==vvv=========================== -->
			<control type="group">
				<depth>DepthContentPanel</depth>
				<include>OpenClose_Left</include>
				<include content="ContentPanel">
					<param name="width" value="522" />
				</include>
				
				<!-- <visible>true</visible> -->
				<control type="fixedlist" id="9000">
				    <!--<include>VisibleFadeEffect</include>-->
					<!-- <pagecontrol>0</pagecontrol> -->
					<left>-26</left>
					<top>364</top>
					<width>462</width>
					<height>720</height>
				    <!-- <movement>0</movement> -->
					<focusposition>1</focusposition>
					<onfocus>ClearProperty(listposition,home)</onfocus>
					<onright>SetFocus($INFO[Container(9000).ListItem.Property(menu_id)])</onright>
					<onup>700</onup>
					<ondown>700</ondown>
				    <!-- <scrolltime>0</scrolltime>
					<scrollspeed>0</scrollspeed> -->
					<!--==================================================================================Box around menu items======================================================-->					
					<focusedlayout height="95">
					
						<control type="group">
							<control type="image">
								<left>88</left>
								<width>368</width>
								<height>70</height>
								<top>12</top>
								<colordiffuse></colordiffuse>
								<texture colordiffuse="59000000">special://skin/extras/PVR_Q/KodiQ-Program_MenuSelect_Black_Background.png</texture>
								<shadowcolor>black</shadowcolor>
							</control>
							<control type="image">
								<left>82</left>
								<width>380</width>
								<height>82</height>
								<top>6</top>
								<texture colordiffuse="33FFFFFF">special://skin/extras/PVR_Q/KodiQ-Program_MenuSelect_Border.png</texture>
								<shadowcolor>black</shadowcolor>
							</control>								
						</control>
						
						<include>KodiQ-HomeMenu_SlidingGlow</include>
						<visible>Control.HasFocus(9000)</visible>
						<control type="label">
							<left>104</left>
							<top>0</top>
							<height>95</height>
							<width>560</width>
							<aligny>center</aligny>
							<font>MainMenu_Focused</font>        <!--======To make the main menu text bigger when it is highlighed Check Fonts.xml======-->
							<label>$INFO[ListItem.Label]</label>
							<shadowcolor>text_shadow</shadowcolor>
						</control>
						
					</focusedlayout>
					<itemlayout height="95">
						<control type="label">
							<left>104</left>
							<top>0</top>
							<height>95</height>
							<width>560</width>
							<aligny>center</aligny>
							<font>MainMenu_Layout</font>        <!--======To make the main menu text smaller when it is not highlighed Check Fonts.xml======-->
							<label>$INFO[ListItem.Label]</label>
							<shadowcolor>text_shadow</shadowcolor>
						</control>
					</itemlayout>	
					<!-- ======================Buttons/Items================= -->
			        <content>
						<item id="A01">
							<label>Home</label>
							<property name="menu_id">$NUMBER[8000]</property>
							<onclick>ActivateWindow(1100)</onclick>
							<property name="id">addons</property>
							<visible>!Skin.HasSetting(HomeMenuNoProgramsButton)</visible>
						</item>
						
						<!--  -->
						<item id="A10">
							<label>Tv Guide</label>
							<content></content>
							<onclick>ActivateWindow(tvguide)</onclick>
							<property name="menu_id">$NUMBER[12051]</property>														
							<property name="id">epgguide</property>
							<!-- <visible>!Skin.HasSetting(DerpButton)</visible> -->
						</item>
						<!--  -->
						
						<item id="A02">
							<label>TV Guide Test</label>
							<property name="menu_id">$NUMBER[12000]</property>
							<onclick>ActivateWindow(8890)</onclick>
							<property name="id">livetv</property>
							<visible>!Skin.HasSetting(HomeMenuNoTVButton)</visible>
						</item>

						<item id="A03">
							<label>Recordings</label>
							<onclick>ActivateWindow(favourites)</onclick>
							<property name="menu_id">$NUMBER[14000]</property>
							<property name="id">favorites</property>
							<visible>!Skin.HasSetting(HomeMenuNoFavButton)</visible>
						</item>
						
						<item id="A04">
							<label>Catch Up TV</label>
							<property name="menu_id">$NUMBER[13500]</property>
							<onclick>ActivateWindow(8891)</onclick>
							<property name="id">catchuptv</property>
							<visible>!Skin.HasSetting(HomeMenuNoTVButton)</visible>
						</item>
						<item id="A05">
							<label>On Demand</label>
							<property name="menu_id"></property>
							<onclick>ActivateWindow(1119)</onclick>
							<property name="id">ondemand</property>
							<visible>!Skin.HasSetting(HomeMenuNoTVButton)</visible>
						</item>
						
						
						<item id="A11">
							<label>Kodi Cinema</label>
							<onclick>ActivateWindow(1123)</onclick>
							<property name="menu_id"></property>
							<property name="id">kodicinema</property>     <!--==============param name="id" in KodiQ_CinemaMenu.xml(kodicinema)=================-->
							<visible>!Skin.HasSetting(HomeMenuNoTVButton)</visible>
						</item>
						
						<item id="A12">
							<label>TV Guide Show</label>
							<property name="menu_id">$NUMBER[18001]</property>
							<onclick>ActivateWindow(8890)</onclick>
							<property name="id">livetv_2</property>
							<visible>!Skin.HasSetting(HomeMenuNoTVButton)</visible>
						</item>
						
						<!-- <item id="A06">
							<label>Sky Cinema</label>
							<onclick condition="Library.HasContent(movies)">ActivateWindow(Videos,videodb://movies/titles/,return)</onclick>
							<onclick condition="!Library.HasContent(movies)">ActivateWindow(Videos,sources://video/,return)</onclick>
							<property name="menu_id">$NUMBER[5000]</property>
							<property name="id">movies</property>
							<visible>!Skin.HasSetting(HomeMenuNoMovieButton)</visible>
							<visible>!Skin.HasSetting(HomeMenuNoLibraryButton)</visible>
						</item>
						<item> 
							<label>Sky Cinema</label>
							<onclick>ActivateWindow(Videos,"plugin://plugin.video.Galaxy/?action=movies&amp;url=trending",return)</onclick>
							<property name="menu_id">$NUMBER[5000]</property>
							<property name="id">movies</property>
							<visible>!Skin.HasSetting(HomeMenuNoMovieButton)</visible>
							<visible>Skin.HasSetting(HomeMenuNoLibraryButton)</visible>
						</item> -->
						
						<!-- <item id="A07">
							<label>Sky TV Shows</label>
							<onclick condition="Library.HasContent(tvshows)">ActivateWindow(Videos,videodb://tvshows/titles/,return)</onclick>
							<onclick condition="!Library.HasContent(tvshows)">ActivateWindow(Videos,sources://video/,return)</onclick>
							<property name="menu_id">$NUMBER[6000]</property>
							<property name="id">tvshows</property>
							<visible>!Skin.HasSetting(HomeMenuNoTVShowButton)</visible>
							<visible>!Skin.HasSetting(HomeMenuNoLibraryButton)</visible>
						</item>
						<item>
							<label>Sky TV Shows</label>
							<onclick>ActivateWindow(Videos,"",return)</onclick>
							<property name="menu_id">$NUMBER[6000]</property>
							<property name="id">tvshows</property>
							<visible>!Skin.HasSetting(HomeMenuNoTVShowButton)</visible>
							<visible>Skin.HasSetting(HomeMenuNoLibraryButton)</visible>
						</item> -->
						
						<item id="A08">
							<label>Music</label>
							<property name="menu_id">$NUMBER[7000]</property>
							<onclick>ActivateWindow(1118)</onclick>
							<property name="id">music</property>
							<visible>!Skin.HasSetting(HomeMenuNoMusicButton)</visible>
						</item>
						
						<item id="A13">
							<label>Pictures</label>
							<onclick>ActivateWindow(Pictures)</onclick>
							<property name="menu_id">$NUMBER[4000]</property>
							<thumb>icons/sidemenu/pictures.png</thumb>
							<property name="id">pictures</property>
							<visible>!Skin.HasSetting(HomeMenuNoPicturesButton)</visible>
						</item>
						
						<item>
							<label>Q Videos</label>
							<onclick>ActivateWindow(8892)</onclick>
							<property name="menu_id">$NUMBER[QV13500]</property>
							<property name="id">q_videos</property>
							<visible>!Skin.HasSetting(HomeMenuNoVideosButton)</visible>
						</item>
						
						<item id="A09">
							<label>Videos</label>
							<onclick>ActivateWindow(Videos,root)</onclick>
							<property name="menu_id">$NUMBER[11000]</property>
							<property name="id">video</property>
							<visible>!Skin.HasSetting(HomeMenuNoVideosButton)</visible>
						</item>
						<item>
							<label>Search</label>
							<onclick>ActivateWindow(1107)</onclick>
						</item>
						<item>
							<label>Settings</label>
							<onclick>ActivateWindow(settings)</onclick>
							<property name="menu_id">$NUMBER[10004]</property>
							<property name="id"></property>
							<visible>!Skin.HasSetting(HomeMenuNoSetttingsButton)</visible>
						</item>
						<!--============================Button=======================================-->
						<!-- <item>
							<label>Kodi Cinema</label>
							<onclick>ActivateWindow(1123)</onclick>
							<property name="menu_id"></property>
							<property name="id">kodicinema</property>
							<visible>!Skin.HasSetting(HomeMenuNoTVButton)</visible>
						</item> -->
						<!--==========================================================================-->
                        <item>
							<label>Q Settings</label>
							<onclick>ActivateWindow(8887)</onclick>
							<property name="menu_id">$NUMBER[17701]</property>
							<property name="id">qsettings</property>
                            <visible>!Skin.HasSetting(HomeMenuNoSetttingsButton)</visible>
							
						</item>
						<!--============================================================================-->
						<item>
							<label>Shutdown</label>
							<onclick>ActivateWindow(shutdownmenu)</onclick>
						</item>
					</content>
					<!-- ==========================================This Is The Original Snippit====================================================== -->
				</control>
				<description> ============================ Icons at top left of screen power/settings/search/ect ============== </description>
				<!-- <control type="grouplist" id="700">
					<orientation>horizontal</orientation>
					<itemgap>0</itemgap>
					<left>-8</left>
					<width>480</width>
					<height>110</height>
					<top>10</top>
					<onup>SetFocus(9000,99,absolute)</onup>
					<ondown>SetFocus(9000,0,absolute)</ondown>
					<onright>2000</onright>
					<align>justify</align>
					<include content="IconButton">
						<param name="control_id" value="804" />
						<param name="onclick" value="ActivateWindow(shutdownmenu)" />
						<param name="icon" value="icons/power.png" />
						<param name="label" value="$LOCALIZE[33060]" />
					</include>
					<include content="IconButton">
						<param name="control_id" value="802" />
						<param name="onclick" value="ActivateWindow(settings)" />
						<param name="icon" value="icons/settings.png" />
						<param name="label" value="$LOCALIZE[21417]" />
					</include>
					<include content="IconButton">
						<param name="control_id" value="801" />
						<param name="onclick" value="ActivateWindow(1107)" />
						<param name="icon" value="icons/search.png" />
						<param name="label" value="$LOCALIZE[137]" />
					</include>
					<include content="IconButton">
						<param name="control_id" value="803" />
						<param name="onclick" value="Fullscreen" />
						<param name="icon" value="icons/now-playing/fullscreen.png" />
						<param name="label" value="$LOCALIZE[31000]" />
						<param name="visible" value="Player.HasMedia" />
					</include>
				</control> -->
				
				<control type="group" id="12050">
					
					<visible>String.IsEqual(Container(9000).ListItem.Property(id),epgguide)</visible>					
					<include content="Visible_Right_Delayed">
						<param name="id" value="epgguide"/>
					</include>
					<depth>DepthContentPanel</depth>
					
					<!-- <viewtype label="EpgGuide">epggrid</viewtype> -->
					
					<control type="group" id="12051">
					    <posx>0</posx>
						<posy>0</posy>
						<height>100%</height>
						<width>100%</width>
					
                        <include>VisibleFadeEffect</include>
						<include>OpenClose_Right</include>
						<include>Visible_Right</include>
                        <!-- <include>KodiQ-MainEpgGuide</include> -->
						<!-- <include>KodiQ_EpgGridLayout</include> -->
						
						<control type="group" id="63">
                        
							<include content="KodiQ_EpgGridLayout">
								<param name="control_id" value="50"/>
								<param name="control_orientation" value="vertical"/>
								<!-- <param name="control_top" value="62"/>
								<param name="control_onupdown_id" value="11"/> -->
								<!-- <param name="viewtype_label" value="19298"/> -->
								<!-- <param name="progress_texture_border" value="0,60,18,14"/>
								<param name="progress_texture" value="windows/pvr/epg_progress_vertical.png"/>
								<param name="has_rulerdate_layout" value="false"/>
								<param name="ruler_width" value="1400"/>
								<param name="ruler_label_width" value="365"/>
								<param name="channel_width" value="350"/>
								<param name="scrollbar_top" value="110"/> -->
							</include>
						</control>
						
						<!-- <control type="group">
						    <posx>474</posx>
							<posy>359</posy>
							<control type="group">
								<posx>0</posx>
								<posy>0</posy>
								<height>30</height>
								<width>1400</width>
								<include>KodiQ-RulerLayout</include>
							</control>
							<control type="group">
								<posx>0</posx>
								<posy>0</posy>
								<height>45</height>
								<width>1700</width>
								<include>KodiQ-RulerDateLayout</include>
							</control>
							<control type="group">
								<posx>0</posx>
								<posy>0</posy>
								<height>90</height>
								<width>325</width>

								<include>KodiQ-ChannelLayout</include>
								<include>KodiQ-FocusedChannelLayout</include>
							</control>
							<control type="group">
								<posx>326</posx>
								<posy>0</posy>
								<height>90</height>
								<width>60</width>

								<include>KodiQ-ItemLayout</include>
								<include>KodiQ-FocusedLayout</include>
							</control>
						</control> -->
						<!-- <include content="KodiQ_TvGridInfoBar"></include> -->
				    </control>
				</control>
				
			</control>
			
			<include>BottomBar</include>
			<!-- <include>KodiQ_MediaFlags</include> -->
			
			<include content="TopBar">
				<param name="breadcrumbs_label" value="" />
			</include>
			
			<!-- <control type="group">
				<depth>DepthBars</depth>
				<bottom>0</bottom>
				<height>70</height>
				<animation effect="fade" start="0" end="100" time="300" delay="300">WindowOpen</animation>
				<animation effect="fade" start="100" end="0" time="200">WindowClose</animation>
				<include condition="!Skin.HasSetting(hide_mediaflags)" content="MediaFlags">
					<param name="infolabel_prefix" value="Container." />
					<param name="resolution_var" value="$VAR[ContainerResolutionFlagVar]" />
				</include>
				<control type="rss">
					<animation effect="slide" end="0,90" time="300" tween="sine" easing="inout" condition="$EXP[infodialog_active]">conditional</animation>
					<left>0</left>
					<bottom>0</bottom>
					<height>39</height>
					<width>100%</width>
					<font>font12</font>
					<urlset>1</urlset>
					<hitrect x="-100" y="0" w="1" h="1" />
					<titlecolor>button_focus</titlecolor>
					<textcolor>button_focus</textcolor>
					<shadowcolor>text_shadow</shadowcolor>
					<headlinecolor>FFC0C0C0</headlinecolor>
					<visible>Skin.HasSetting(hide_mediaflags) | !ControlGroup(2000).HasFocus</visible>
					<animation effect="fade" time="300">VisibleChange</animation>
				</control>
			</control> -->
		</control>
	</controls>
</window>
