<?xml version="1.0" encoding="UTF-8"?>
<window >
	<description>This is the main left side menu</description>
    <onload>SetProperty(Window.HasSettings,True,home)</onload>
	<onload>ClearProperty(MediaMenu,Home)</onload>
	<onunload>ClearProperty(Window.HasSettings,Home)</onunload>
	<onload>Skin.SetBool(TMDbHelper.Service)</onload>
	<onload>Skin.SetBool(SkinHelper.EnablePVRThumbs)</onload>
	<onload>SetProperty(infobackground,$ESCINFO[ListItem.Art(fanart)],home)</onload>
	<allowoverlay>1</allowoverlay> 
	<defaultcontrol always="true">50</defaultcontrol>
	<backgroundcolor>background</backgroundcolor>
	<views>50</views>
	
	<controls>
        <control type="button" id="20000">
			<include>HiddenObject</include>
			<animation effect="fade" time="300" start="100" end="0">Focus</animation>
			<onfocus>SetFocus(2000)</onfocus>
			<onclick>noop</onclick>
			<visible allowhiddenfocus="true">Control.HasFocus(20000)</visible>
		</control>
		<control type="button" id="20001">
			<include>HiddenObject</include>
			<animation effect="fade" time="300" start="100" end="0">Focus</animation>
			<onfocus>SetFocus(2000)</onfocus>
			<onclick>noop</onclick>
			<visible allowhiddenfocus="true">Control.HasFocus(20001)</visible>
		</control>

		<include>DefaultBackground</include>
		
		<control type="group">
			<animation effect="fade" start="100" end="0" time="200" tween="sine" condition="$EXP[infodialog_active]">Conditional</animation>
			<control type="group">
				<animation type="Conditional" condition="Control.IsVisible(20000)" reversible="false">
					<effect type="slide" end="0,20" time="60" tween="sine" />
					<effect type="slide" end="0,-20" time="180" tween="sine" delay="80" />
				</animation>
				<animation type="Conditional" condition="Control.IsVisible(20001)" reversible="false">
					<effect type="slide" end="0,-20" time="60" tween="sine" />
					<effect type="slide" end="0,20" time="180" tween="sine" delay="80" />
				</animation>		
							<!--This is the EPG left side  -->
				<control type="group">
					<top>372</top>
					<depth>DepthContentPanel</depth>					
					<control type="fixedlist" id="11">
					    <include>OpenClose_Left</include>
						<include>VisibleFadeEffect</include>
						<pagecontrol></pagecontrol>
						<left>-26</left>
						<top>76</top>
						<width>462</width>
						<height>720</height>
						<focusposition>1</focusposition>
						<onleft></onleft>
						<onright>SetFocus(50,-79,absolute)</onright>
						
						<onfocus>ClearProperty(listposition,home)</onfocus>
						
						<focusedlayout height="95">						
							<control type="group">
								<control type="image">
									<left>88</left>
									<width>368</width>
									<height>70</height>
									<top>12</top>
									<colordiffuse></colordiffuse>
									<texture colordiffuse="59000000">special://skin/extras/PVR_Q/KodiQ-Program_MenuSelect_Black_Background.png</texture>
									<shadowcolor>black</shadowcolor>
								</control>
								<control type="image">
									<left>82</left>
									<width>380</width>
									<height>82</height>
									<top>6</top>
									<texture colordiffuse="33FFFFFF">special://skin/extras/PVR_Q/KodiQ-Program_MenuSelect_Border.png</texture>
									<shadowcolor>black</shadowcolor>
								</control>
								<control type="group">
								    <include>KodiQ-HomeMenu_SlidingGlow</include>								
                                    <visible>Control.HasFocus(11)</visible>
								</control>
								<visible>Control.HasFocus(11)</visible>
							</control>							
							<control type="label">
								<left>104</left>
								<top>0</top>
								<height>95</height>
								<width>560</width>
								<aligny>center</aligny>
								<font>MainMenu_Focused</font>        
								<label>$INFO[ListItem.Label]</label>
								<shadowcolor>black</shadowcolor>
							</control>						
						</focusedlayout>
						
						<itemlayout height="95">
							<control type="label">
								<left>104</left>
								<top>0</top>
								<height>95</height>
								<width>560</width>
								<aligny>center</aligny>
								<font>MainMenu_Layout</font>        
								<label>$INFO[ListItem.Label]</label>
								<shadowcolor>black</shadowcolor>
							</control>
						</itemlayout>
						
					</control>
					
					<control type="group" id="63">
					    <include>VisibleFadeEffect</include>
					    <include>OpenClose_Right</include>
						<include>Visible_Right</include>
                        
						<include content="KodiQ_EpgGridLayout">
							<param name="control_id" value="50"/>
							<param name="control_orientation" value="vertical"/>
							<!-- <param name="control_top" value="62"/>
							<param name="control_onupdown_id" value="11"/> -->
							<!-- <param name="viewtype_label" value="19298"/> -->
							<!-- <param name="progress_texture_border" value="0,60,18,14"/>
							<param name="progress_texture" value="windows/pvr/epg_progress_vertical.png"/>
							<param name="has_rulerdate_layout" value="false"/>
							<param name="ruler_width" value="1400"/>
							<param name="ruler_label_width" value="365"/>
							<param name="channel_width" value="350"/>
							<param name="scrollbar_top" value="110"/> -->
						</include>
					</control>					
				</control>
				
				<include content="KodiQ_TvGridInfoBar"></include>				
			</control>
			
            <control type="group">
			    <posx>75</posx>
				<posy>380</posy>
				<include>OpenClose_Left</include>
				<include>Visible_Left</include>
			    <include content="MenuTitle">
				    <param name="breadcrumbs_label" value="  TV Guide" />
				    <param name="sublabel" value="" />
			    </include>
			</control>
			
			<include>PVRChannelNumberInput</include>
			
			<control type="group">
				<include>MediaMenuCommon</include>
				<include content="PVRSideBar">
					<param name="group_label2" value="$INFO[Control.GetLabel(30)]" />
				</include>
			</control>
			
		</control>
		
		<control type="label" id="29">
			<font></font>
			<include>HiddenObject</include>
		</control>
		<control type="label" id="30">
			<font></font>
			<include>HiddenObject</include>
		</control> 
	</controls>
</window>
