<?xml version="1.0" encoding="UTF-8"?>
<window>
	<defaultcontrol always="true">54</defaultcontrol>
	<backgroundcolor>background</backgroundcolor>
	<views>54</views>
	<!-- <menucontrol>9000</menucontrol> -->
	<controls>
		<include>DefaultBackground</include>
		<control type="group">
			<animation effect="fade" start="100" end="0" time="200" tween="sine" condition="$EXP[infodialog_active]">Conditional</animation>

			<include>View_54_InfoWall</include>
			
			<include>CommonScrollbars</include>
			<include>MediaMenuMouseOverlay</include>
			<!--  -->
			
			
			<!--  -->
			<control type="group">
				<include>MediaMenuCommon</include>
				<control type="grouplist" id="9000">
					<top>50</top>
					<include>MediaMenuListCommon</include>
					<control type="button" id="10">
						<description>Watched Toggle</description>
						<include>MediaMenuItemsCommon</include>
						<label>$LOCALIZE[20367]</label>
						<label2>[B]$INFO[Container.NumItems][/B]</label2>
						<visible>Container.Content(movies) | Container.Content(sets) | Container.Content(tvshows) | Container.content(seasons) | Container.Content(episodes)</visible>
					</control>
					<control type="label" id="203">
						<include>MediaMenuLabelCommon</include>
						<label>$LOCALIZE[31020]</label>
					</control>
					<control type="radiobutton" id="16">
						<description>PartyMode</description>
						<label>$LOCALIZE[589]</label>
						<include>MediaMenuItemsCommon</include>
						<visible>Container.Content(MusicVideos)</visible>
					</control>
					<control type="radiobutton" id="11">
						<description>Unlock Shares</description>
						<include>MediaMenuItemsCommon</include>
						<label>$LOCALIZE[20336]</label>
						<onclick>mastermode</onclick>
						<selected>system.ismaster</selected>
						<visible>system.haslocks</visible>
					</control>
					<control type="togglebutton" id="619">
						<description>Update library</description>
						<include>MediaMenuItemsCommon</include>
						<label>$LOCALIZE[653]</label>
						<onclick>UpdateLibrary(video)</onclick>
						<visible>!Container.Content(addons)+ String.IsEmpty(Container.PluginName)</visible>
						<altlabel>$LOCALIZE[13353]</altlabel>
						<usealttexture>library.isscanningvideo</usealttexture>
					</control>
					<control type="button" id="612">
						<description>Go to playlist</description>
						<include>MediaMenuItemsCommon</include>
						<label>$LOCALIZE[31056]</label>
						<onclick>ActivateWindow(videoplaylist)</onclick>
						<visible>Integer.IsGreater(Playlist.Length(video),0)</visible>
					</control>
					<control type="button" id="621">
						<description>Get more</description>
						<include>MediaMenuItemsCommon</include>
						<label>$LOCALIZE[21452]</label>
						<onclick>ActivateWindow(addonbrowser,addons://more/video/,return)</onclick>
						<visible>Container.Content(addons)</visible>
					</control>
					<control type="button" id="622">
						<include>MediaMenuItemsCommon</include>
						<label>$LOCALIZE[31117]</label>
						<onclick condition="System.HasAddon(plugin.library.node.editor)">ActivateWindow(programs,plugin://plugin.library.node.editor/?ltype=video,return)</onclick>
						<onclick condition="!System.HasAddon(plugin.library.node.editor)">InstallAddon(plugin.library.node.editor)</onclick>
						<visible>Container.Content() + String.IsEmpty(Container.PluginName)</visible>
					</control>
					<control type="button" id="623">
						<include>MediaMenuItemsCommon</include>
						<label>$LOCALIZE[31009]</label>
						<onclick>InstallAddon(resource.images.studios.white)</onclick>
						<visible>Container.Content(studios) + !System.HasAddon(resource.images.studios.white)</visible>
					</control>
					<control type="button" id="624">
						<include>MediaMenuItemsCommon</include>
						<label>$LOCALIZE[10140]</label>
						<onclick>Addon.OpenSettings($INFO[Container.PluginName])</onclick>
						<visible>!String.IsEmpty(Container.PluginName)</visible>
					</control>
					<include>MediaMenuNowPlaying</include>
				</control>
			</control>
		</control>
	</controls>
</window>
