<?xml version="1.0" encoding="UTF-8"?>
<window>
	<defaultcontrol always="true">9702</defaultcontrol>
	<controls>
		<include>DefaultBackground</include>
		<!-- <control type="multiimage">
			<depth>DepthBackground</depth>
			<include>FullScreenDimensions</include>
			<aspectratio>scale</aspectratio>
			<fadetime>600</fadetime>
			<animation effect="zoom" center="auto" end="102,102" time="0" condition="Integer.IsGreater(System.StereoscopicMode,0)">conditional</animation>
			<animation effect="fade" start="0" end="100" time="400">WindowOpen</animation>
			<animation effect="fade" start="100" end="0" time="300">WindowClose</animation>
			<animation effect="fade" time="400">VisibleChange</animation>
			<imagepath background="true" colordiffuse="bg_overlay">$INFO[Skin.String(HomeFanart.path)]settings$INFO[Skin.String(HomeFanart.ext)]</imagepath>
			<visible>!Player.HasMedia + !String.IsEmpty(Skin.String(HomeFanart.path))</visible>
		</control> -->

		<include content="CommonBackground">
			<param name="windowOpen" value="!Window.Previous(settings)" />
			<param name="windowClose" value="!Window.Next(settings)" />
		</include>
		<control type="group">
			<top>128</top>
			<left>SettingsLeft</left>
			<include content="WindowOpenCloseAnimation">
				<param name="windowOpen" value="!Window.Previous(settings)" />
				<param name="windowClose" value="!Window.Next(settings)" />
			</include>
			<include>SystemLeftPanel</include>
			<control type="grouplist" id="9704">
				<left>82</left>
				<top>32</top>
				<width>356</width>
				<height>840</height>
				<onup>9000</onup>
				<ondown>9000</ondown>
				<onleft>9001</onleft>
				<onright>9001</onright>
				<control type="button" id="95">
					<description>Button Summary Values</description>
					<height>90</height>
					<width>356</width>
					<textoffsetx>15</textoffsetx>
					<align>right</align>
					<font>font15</font>
					<texturefocus border="3">special://skin/extras/PVR_Q/ButtonSelect/MenuSelect_Background_3.png</texturefocus>
					<texturenofocus border="1">separator5.png</texturenofocus>
					<label>20037</label>
				</control>
				
				<control type="button" id="94">
				    
					<include content="DefaultSettingButton">
						<param name="height" value="88" />
					</include>
					
					<description>Button Storage</description>
					<height>90</height>
					<width>356</width>
					<textoffsetx>15</textoffsetx>
					<align>right</align>
					<font>font15</font>
					<texturefocus border="3">listselect_fo.png</texturefocus>
					<texturenofocus border="1">separator5.png</texturenofocus>
					<label>13277</label>
				</control>
				<control type="button" id="96">
				
				    <include content="DefaultSettingButton">
						<param name="height" value="88" />
					</include>
				
					<description>Button Network</description>
					<height>90</height>
					<width>356</width>
					<textoffsetx>15</textoffsetx>
					<align>right</align>
					<font>font15</font>
					<texturefocus border="3">listselect_fo.png</texturefocus>
					<texturenofocus border="1">separator5.png</texturenofocus>
					<label>13279</label>
				</control>
				
				<control type="button" id="97">
					<description>Button Video</description>
					<height>90</height>
					<width>356</width>
					<textoffsetx>15</textoffsetx>
					<align>right</align>
					<font>font15</font>
					<texturefocus border="3">special://skin/extras/PVR_Q/ButtonSelect/MenuSelect_Background_3.png</texturefocus>
					<texturenofocus border="1">separator5.png</texturenofocus>
					<label>13280</label>
				</control>
				<control type="button" id="98">
					<description>Button Hardware</description>
					<height>90</height>
					<width>356</width>
					<textoffsetx>15</textoffsetx>
					<align>right</align>
					<font>font15</font>
					<texturefocus border="3">special://skin/extras/PVR_Q/ButtonSelect/MenuSelect_Background_3.png</texturefocus>
					<texturenofocus border="1">separator5.png</texturenofocus>
					<label>13281</label>
				</control>
				<control type="button" id="99">
					<description>Button PVR</description>
					<height>90</height>
					<width>356</width>
					<textoffsetx>15</textoffsetx>
					<align>right</align>
					<font>font15</font>
					<texturefocus border="3">special://skin/extras/PVR_Q/ButtonSelect/MenuSelect_Background_3.png</texturefocus>
					<texturenofocus border="1">separator5.png</texturenofocus>
					<label>19191</label>
				</control>
				<control type="button" id="100">
					<description>Button Kodi</description>
					<height>90</height>
					<width>356</width>
					<textoffsetx>15</textoffsetx>
					<align>right</align>
					<font>font15</font>
					<texturefocus border="3">special://skin/extras/PVR_Q/ButtonSelect/MenuSelect_Background_3.png</texturefocus>
					<texturenofocus border="1">separator5.png</texturenofocus>
					<label>12389</label>
				</control>
			</control>
			<control type="image">
				<description>separator image</description>
				<left>82</left>
				<top>692</top>
				<width>356</width>
				<height>60</height>
				<texture border="1">separator2.png</texture>
				<visible>!Container(9000).HasNext</visible>
			</control>
			<control type="image">
				<description>LOGO</description>
				<left>82</left>
				<top>752</top>
				<width>356</width>
				<height>120</height>
				<aspectratio>keep</aspectratio>
				<texture>aeon-nox-logo.png</texture>
			</control>
			<include>SystemRightPanel</include>
			<control type="image">
				<left>522</left>
				<top>32</top>
				<width>1316</width>
				<height>839</height>
				<aspectratio align="center">scale</aspectratio>
				<texture background="true">special://skin/backgrounds/default_settings.jpg</texture>
			</control>
			<control type="image">
				<left>522</left>
				<top>32</top>
				<width>1316</width>
				<height>839</height>
				<aspectratio align="center">scale</aspectratio>
				<texture>black.png</texture>
				<animation effect="fade" start="45" end="45" time="0" condition="true">conditional</animation>
			</control>
			<control type="image">
				<description>separator image</description>
				<left>522</left>
				<top>692</top>
				<width>1316</width>
				<height>60</height>
				<texture border="1">separator2.png</texture>
			</control>
			<control type="group">
				<left>552</left>
				<top>754</top>
				<control type="label" id="52">
					<description>XBMC BUILD Version</description>
					<left>-15</left>
					<width>658</width>
					<height>115</height>
					<label>144</label>
					<textcolor>labelheader</textcolor>
					<wrapmultiline>true</wrapmultiline>
					<font>font15</font>
				</control>
				<control type="label">
					<description>CPU Text</description>
					<left>630</left>
					<top>20</top>
					<width>240</width>
					<height>24</height>
					<label>$LOCALIZE[13271]</label>
					<align>right</align>
					<textcolor>grey2</textcolor>
					<font>font12_title</font>
				</control>
				<control type="progress">
					<description>CPU BAR</description>
					<left>880</left>
					<top>20</top>
					<width>380</width>
					<height>24</height>
					<info>System.CPUUsage</info>
					<texturebg border="2">osd/texturebg2.png</texturebg>
				</control>
				<control type="label">
					<description>Memory Text</description>
					<left>510</left>
					<top>70</top>
					<width>360</width>
					<height>24</height>
					<label>$LOCALIZE[31309]</label>
					<align>right</align>
					<textcolor>grey2</textcolor>
					<font>font12_title</font>
				</control>
				<control type="progress">
					<description>Memory BAR</description>
					<left>880</left>
					<top>70</top>
					<width>380</width>
					<height>24</height>
					<texturebg border="2">osd/texturebg2.png</texturebg>
					<info>system.memory(used)</info>
				</control>
			</control>
			<control type="grouplist" id="9001">
				<left>522</left>
				<top>32</top>
				<width>1316</width>
				<height>720</height>
				<onleft>9000</onleft>
				<onright>60</onright>
				<orientation>vertical</orientation>
				<pagecontrol>60</pagecontrol>
				<visible>!Control.IsVisible(30)</visible>
				<control type="button" id="2">
					<description>Label 1</description>
					<width>1316</width>
					<height>90</height>
					<label />
					<font>font15</font>
					<shadowcolor>shadow</shadowcolor>
					<texturenofocus border="1">separator5.png</texturenofocus>
					<visible>!String.IsEmpty(Control.GetLabel(2))</visible>
				</control>
				<control type="button" id="3">
					<description>Label 2</description>
					<width>1316</width>
					<height>90</height>
					<label />
					<font>font15</font>
					<shadowcolor>shadow</shadowcolor>
					<texturenofocus border="1">separator5.png</texturenofocus>
					<visible>!String.IsEmpty(Control.GetLabel(3))</visible>
				</control>
				<control type="button" id="4">
					<description>Label 3</description>
					<width>1316</width>
					<height>90</height>
					<label />
					<font>font15</font>
					<shadowcolor>shadow</shadowcolor>
					<texturenofocus border="1">separator5.png</texturenofocus>
					<visible>!String.IsEmpty(Control.GetLabel(4))</visible>
				</control>
				<control type="button" id="5">
					<description>Label 4</description>
					<width>1316</width>
					<height>90</height>
					<label />
					<font>font15</font>
					<shadowcolor>shadow</shadowcolor>
					<texturenofocus border="1">separator5.png</texturenofocus>
					<visible>!String.IsEmpty(Control.GetLabel(5))</visible>
				</control>
				<control type="button" id="6">
					<description>Label 5</description>
					<width>1316</width>
					<height>90</height>
					<label />
					<font>font15</font>
					<shadowcolor>shadow</shadowcolor>
					<texturenofocus border="1">separator5.png</texturenofocus>
					<visible>!String.IsEmpty(Control.GetLabel(6))</visible>
				</control>
				
				<control type="button" id="7">
					<description>Label 6</description>
					<width>1316</width>
					<height>90</height>
					<label />
					<font>font15</font>
					<shadowcolor>shadow</shadowcolor>
					<texturenofocus border="1">separator5.png</texturenofocus>
					<!-- <visible>!String.IsEmpty(Control.GetLabel(7))</visible> -->
					<visible>Container(9704).HasFocus(95))</visible>
				</control>
				
				<control type="button" id="8">
					<description>Label 7</description>
					<width>1316</width>
					<height>90</height>
					<label />
					<font>font15</font>
					<shadowcolor>shadow</shadowcolor>
					<texturenofocus border="1">separator5.png</texturenofocus>
					<visible>!String.IsEmpty(Control.GetLabel(8))</visible>
				</control>
				<control type="button" id="9">
					<description>Label 8</description>
					<width>1316</width>
					<height>90</height>
					<label />
					<font>font15</font>
					<shadowcolor>shadow</shadowcolor>
					<texturenofocus border="1">separator5.png</texturenofocus>
					<visible>!String.IsEmpty(Control.GetLabel(9))</visible>
				</control>
				<control type="button" id="10">
					<description>Label 9</description>
					<width>1316</width>
					<height>90</height>
					<label />
					<font>font15</font>
					<shadowcolor>shadow</shadowcolor>
					<texturenofocus border="1">separator5.png</texturenofocus>
					<visible>!String.IsEmpty(Control.GetLabel(10))</visible>
				</control>
				<control type="button" id="11">
					<description>Label 10</description>
					<width>1316</width>
					<height>90</height>
					<label />
					<font>font15</font>
					<shadowcolor>shadow</shadowcolor>
					<texturenofocus border="1">separator5.png</texturenofocus>
					<visible>!String.IsEmpty(Control.GetLabel(11))</visible>
				</control>
				<control type="button" id="12">
					<description>Label 11</description>
					<width>1316</width>
					<height>90</height>
					<label />
					<font>font15</font>
					<shadowcolor>shadow</shadowcolor>
					<texturenofocus border="1">separator5.png</texturenofocus>
					<visible>!String.IsEmpty(Control.GetLabel(12))</visible>
				</control>
			</control>
			<!-- <control type="textbox" id="30">
				<description>Label 12</description>
				<left>537</left>
				<top>32</top>
				<width>1286</width>
				<height max="720">auto</height>
				<label />
				<font>font15_textbox</font>
				<textcolor>grey2</textcolor>
				<shadowcolor>shadow</shadowcolor>
				<pagecontrol>60</pagecontrol>
				<visible>!String.IsEmpty(Control.GetLabel(30))</visible>
			</control> -->
			<control type="scrollbar" id="60">
				<left>1838</left>
				<top>32</top>
				<width>14</width>
				<height>720</height>
				<onleft>9001</onleft>
				<onright>9000</onright>
				<ondown>60</ondown>
				<onup>60</onup>
				<showonepage>false</showonepage>
				<texturesliderbackground />
				<texturesliderbar colordiffuse="55ffffff" border="1">scrollbar/texturesliderbar2.png</texturesliderbar>
				<texturesliderbarfocus border="1">scrollbar/texturesliderbar2.png</texturesliderbarfocus>
			</control>
		</control>
		<include>Topbar</include>

			<!-- <control type="group" id="17600">
			    <visible>String.IsEqual(Container(9702).ListItem.Property(id),storage)</visible>
				<include content="Visible_Right_Delayed">
					<param name="id" value="storage"/>
				</include>
				

				
				<control type="group" id="94">
					<description>Button Storage</description>					
					<include content="KodiQ_SummaryButton">
						<param name="height" value="88" />
					</include>
					<width>420</width>
					<label>Storage</label>
				</control>
				
				<control type="textbox" id="94">
				    <posx>0</posx>
					<posy>0</posy>
					<label>poooop</label>					
				</control>
				
			</control>
			
	

			<control type="group" id="17601">
			    <visible>String.IsEqual(Container(9702).ListItem.Property(id),hardware)</visible>
				<include content="Visible_Right_Delayed">
					<param name="id" value="hardware"/>
				</include>
			
				<control type="group">
				    <control type="button" id="94">
						<posx>42</posx>
						<posy>422</posy>
						<width>408</width>
				        <height>109</height>
						<label>$INFO[ListItem.ID(94)]</label>					
					</control>
           		    <control type="label">
						<posx>0</posx>
						<posy>0</posy>
						<label>Poooooooooooooop</label>					
					</control>
				
				</control>
				
			</control>
	

        <control type="group">
			<control type="fixedlist" id="9702">
				<include>OpenClose_FadeSlide_Left</include>
				<left>-26</left>
				<top>430</top>
				<width>462</width>
				<height>710</height>
				<movement>0</movement>
				<focusposition>0</focusposition>
				<onleft>back</onleft>
				
				<itemlayout height="95">
					<control type="image">
						<left>-3</left>
						<top>1</top>
						<width>95</width>
						<height>95</height>
						<texture colordiffuse="44FFFFFF">$INFO[ListItem.Art(thumb)]</texture>
					</control>
					<control type="label">
						<left>104</left>
						<top>0</top>
						<height>95</height>
						<width>560</width>
						<aligny>center</aligny>
						<font>Rounded_Mplus_1C</font>        
						<label>$INFO[ListItem.Label]</label>
						<shadowcolor>text_shadow</shadowcolor>
					</control>
				</itemlayout>

				<focusedlayout height="95">
					<control type="group">
						<depth>DepthContentPopout</depth>
						<control type="group">
							<control type="image">
								<left>88</left>
								<width>368</width>
								<height>70</height>
								<top>12</top>
								<colordiffuse></colordiffuse>
								<texture colordiffuse="59000000">special://skin/extras/PVR_Q/KodiQ-Program_MenuSelect_Black_Background.png</texture>
								<shadowcolor>black</shadowcolor>
							</control>							
							<control type="image">
								<left>82</left>
								<width>380</width>
								<height>82</height>
								<top>6</top>
								<texture colordiffuse="33FFFFFF">special://skin/extras/PVR_Q/KodiQ-Program_MenuSelect_Border.png</texture>
								<shadowcolor>black</shadowcolor>
							</control>
							<include>KodiQ-HomeMenu_SlidingGlow</include>
						</control>
						<control type="label">
							<left>104</left>
							<top>0</top>
							<height>95</height>
							<width>560</width>
							<aligny>center</aligny>
							<font>Rounded_Mplus_1C_Bold</font>        
							<label>$INFO[ListItem.Label]</label>
							<shadowcolor>text_shadow</shadowcolor>
						</control>
					</control>					
				</focusedlayout>

				<content>
					
					<item id="01">
						<label>Summary</label>
						<onclick>ActivateWindow(noop)</onclick>
						<property name="menu_id">$NUMBER[17001]</property>
						<property name="id">2</property>
						
					</item>
					
					<item id="02">
						<label>Network</label>
						<onclick>ActivateWindow(noop)</onclick>
						<property name="menu_id">$NUMBER[17002]</property>
						<property name="id">96</property>
					</item>
					<item id="03">
						<label>Video</label>
						<onclick>ActivateWindow(noop)</onclick>
						<property name="menu_id">$NUMBER[17003]</property>
						<property name="id">97</property>
					</item>
					<item id="94">
						<label>Storage</label>
						<description>Button Storage</description>

						<onfocus>ActivateWindow(systeminfo)</onfocus>
						<property name="menu_id">$NUMBER[17600]</property>
						<property name="id">storage</property>
                        
					</item>
					<item id="05">
						<label>PVR Service</label>
						<onclick>ActivateWindow(noop)</onclick>
						<property name="menu_id">$NUMBER[17005]</property>
						<property name="id">pvrservice</property>
					</item>
					<item id="06">
						<label>Privacy Policy</label>
						<onclick>ActivateWindow(noop)</onclick>
						<property name="menu_id">$NUMBER[17006]</property>
						<property name="id">privacypolicy</property>
					</item>				        
					<item id="07">
						<label>Hardware</label>
						<onclick>ActivateWindow(noop)</onclick>
						<property name="menu_id">$NUMBER[17601]</property>
						<property name="id">hardware</property>
					</item>						
				</content>
				
			</control>

			<control type="group">
				<left>40</left>
				<top>70</top>
				<include>OpenClose_Right</include>
				<control type="grouplist">
					<left>420</left>
					<top>105</top>
					<height>550</height>
					<orientation>vertical</orientation>
					
					<control type="label" id="2">
						<height>47</height>
						<width>1400</width>
						<font>Mono26</font>
					</control>
					<control type="label" id="3">
						<height>47</height>
						<width>1400</width>
						<font>Mono26</font>
					</control>
					<control type="label" id="4">
						<height>47</height>
						<width>1400</width>
						<font>Mono26</font>
					</control>
					<control type="label" id="5">
						<height>47</height>
						<width>1400</width>
						<font>Mono26</font>
					</control>
					<control type="label" id="6">
						<height>47</height>
						<width>1400</width>
						<font>Mono26</font>
					</control>
					<control type="label" id="7">
						<height>47</height>
						<width>1400</width>
						<font>Mono26</font>
					</control>
					<control type="label" id="8">
						<height>47</height>
						<width>1400</width>
						<font>Mono26</font>
					</control>
					<control type="label" id="9">
						<height>47</height>
						<width>1400</width>
						<font>Mono26</font>
					</control>
					<control type="label" id="10">
						<height>47</height>
						<width>1400</width>
						<font>Mono26</font>
					</control>
					<control type="label" id="11">
						<height>47</height>
						<width>1400</width>
						<font>Mono26</font>
					</control>
					<control type="label" id="12">
						<height>47</height>
						<width>1400</width>
						<font>Mono26</font>
					</control>				
				</control>
				
				<control type="textbox" id="30">
					<left>420</left>
					<right>50</right>
					<top>100</top>
					<bottom>315</bottom>
					<pagecontrol>60</pagecontrol>
					<autoscroll delay="5000" repeat="7500" time="5000">!Control.HasFocus(60)</autoscroll>
				</control>
				
				<control type="scrollbar" id="60">
					<right>0</right>
					<top>93</top>
					<width>12</width>
					<bottom>312</bottom>
					<orientation>vertical</orientation>
					<texturesliderbackground />
					<animation effect="slide" end="6,0" time="300" tween="sine" easing="inout" condition="!Control.HasFocus(60)">conditional</animation>
					<onleft>9000</onleft>
					<onright>9000</onright>
					<visible>Control.IsVisible(30)</visible>
					<animation effect="fade" start="0" end="100" time="200" delay="300">Visible</animation>
					<animation effect="fade" start="100" end="0" time="200">Hidden</animation>
					<animation effect="fade" start="0" end="100" delay="300" time="320">WindowOpen</animation>
					<animation effect="fade" start="100" end="0" time="150">WindowClose</animation>
				</control>
				
				<control type="image">
					<left>380</left>
					<top>90</top>
					<right>0</right>
					<height>3</height>
					<texture colordiffuse="button_focus" border="2">dialogs/separator-grey.png</texture>
				</control>
				
				<control type="group">
					<bottom>0</bottom>
					<height>330</height>
					<control type="image">
						<left>380</left>
						<top>20</top>
						<right>0</right>
						<height>3</height>
						<texture colordiffuse="button_focus" border="2">dialogs/separator-grey.png</texture>
					</control>
					<control type="grouplist">
						<left>420</left>
						<orientation>vertical</orientation>
						<control type="label">
							<description>CPU Text</description>
							<width>730</width>
							<height>80</height>
							<label>$LOCALIZE[13271] $INFO[System.CPUUsage]</label>
							<aligny>top</aligny>
							<textoffsety>40</textoffsety>
							<shadowcolor>black</shadowcolor>
							<font>font27</font>
						</control>
						<control type="progress">
							<description>CPU BAR</description>
							<width>730</width>
							<height>16</height>
							<info>System.CPUUsage</info>
						</control>
						<control type="label">
							<description>Memory Text</description>
							<width>730</width>
							<height>40</height>
							<label>$LOCALIZE[31030]: $INFO[system.memory(used)] [B]/[/B] $INFO[system.memory(total)] [B]-[/B] $INFO[system.memory(used.percent)]</label>
							<aligny>center</aligny>
							<shadowcolor>black</shadowcolor>
							<font>font27</font>
						</control>
						<control type="progress">
							<description>Memory BAR</description>
							<width>730</width>
							<height>16</height>
							<info>system.memory(used)</info>
						</control>
					</control>
					
					<control type="label">
						<top>34</top>
						<left>1210</left>
						<width>auto</width>
						<height>50</height>
						<aligny>bottom</aligny>
						<textoffsety>10</textoffsety>
						<label>$LOCALIZE[31031]:</label>
						<shadowcolor>black</shadowcolor>
						<font>font25_title</font>
					</control>
					<control type="grouplist">
						<description>Kodi build version</description>
						<itemgap>10</itemgap>
						<top>80</top>
						<left>1210</left>
						<width>820</width>
						<height>45</height>
						<orientation>horizontal</orientation>
						<control type="label">
							<description>Build label</description>
							<width>auto</width>
							<height>50</height>
							<aligny>bottom</aligny>
							<font>font12</font>
							<textoffsety>10</textoffsety>
							<label>$LOCALIZE[144]</label>
							<shadowcolor>black</shadowcolor>
						</control>
						<control type="label" id="52">
							<description>Kodi Build Version</description>
							<height>50</height>
							<aligny>bottom</aligny>
							<textoffsety>10</textoffsety>
							<font>font12</font>
							<width>auto</width>
							<textcolor>button_focus</textcolor>
							<shadowcolor>black</shadowcolor>
						</control>
					</control>
					<control type="grouplist">
						<description>Build date</description>
						<itemgap>10</itemgap>
						<top>125</top>
						<left>1210</left>
						<width>800</width>
						<orientation>horizontal</orientation>
						<control type="label">
							<description>kodi Compiled Text</description>
							<width>auto</width>
							<height>25</height>
							<label>$LOCALIZE[174]</label>
							<font>font12</font>
							<shadowcolor>black</shadowcolor>
						</control>
						<control type="label" id="53">
							<description>Kodi Build Date</description>
							<width>auto</width>
							<font>font12</font>
							<textcolor>button_focus</textcolor>
							<shadowcolor>black</shadowcolor>
						</control>
					</control>
				</control>
			</control>
		</control> -->
		

		<!-- <control type="group">
			<left>0</left>
			<top>0</top>
			<depth>DepthContentPanel</depth>
			<include>OpenClose_Left</include>
			<include content="ContentPanel">
				<param name="width" value="480" />
			</include>
			<control type="grouplist" id="9000">
				<left>0</left>
				<top>160</top>
				<width>420</width>
				<height>100%</height>
				<onup>9000</onup>
				<ondown>9000</ondown>
				<onright>60</onright>
				
				<control type="button" id="95">
					<description>Button Summary Values</description>
					<include content="DefaultSettingButton">
						<param name="height" value="88" />
					</include>
					<width>420</width>
					<label>$LOCALIZE[20037]</label>
				</control>
				
				<control type="button" id="94">
					<description>Button Storage</description>					
					<include content="KodiQ_SummaryButton">
						<param name="height" value="88" />
					</include>
					<width>420</width>
					<label>Storage</label>
				</control>

				<control type="button" id="96">
					<description>Button Network</description>
					<include content="KodiQ_SummaryButton">
						<param name="height" value="88" />
					</include>
					<width>420</width>
					<label>$LOCALIZE[13279]</label>
				</control>

				<control type="button" id="97">
					<description>Button Video</description>
					<include content="KodiQ_SummaryButton">
						<param name="height" value="88" />
					</include>
					<width>420</width>
					<label>$LOCALIZE[13280]</label>
				</control>
				<control type="button" id="98">
					<description>Button Hardware</description>
					<include content="DefaultSettingButton">
						<param name="height" value="88" />
					</include>
					<width>420</width>
					<label>$LOCALIZE[13281]</label>
				</control>
				<control type="button" id="99">
					<description>Button PVR</description>
					<include content="DefaultSettingButton">
						<param name="height" value="88" />
					</include>
					<width>420</width>
					<label>$LOCALIZE[19191]</label>
				</control>
				<control type="button" id="100">
					<description>Button Privacy policy</description>
					<include content="DefaultSettingButton">
						<param name="height" value="88" />
					</include>
					<width>420</width>
					<label>$LOCALIZE[12389]</label>
				</control>
			</control>
		</control> -->
		
		
		
		<!-- <include content="TopBar">
			<param name="breadcrumbs_label" value="$LOCALIZE[130]" />
		</include>
		<include>BottomBar</include> -->
	</controls>
</window>
