<?xml version="1.0" encoding="UTF-8"?>
<includes>
	<variable name="PVRStatusImageVar">
		<value condition="ListItem.IsRecording">windows/pvr/record.png</value>
		<value condition="ListItem.HasTimer | ListItem.HasTimerSchedule">windows/pvr/timer.png</value>
	</variable>
	<variable name="AutoCompletionContentVar">
		<value condition="System.HasAddon(plugin.program.autocompletion) + !System.HasHiddenInput">plugin://plugin.program.autocompletion?info=autocomplete&amp;&amp;id=$INFO[Control.GetLabel(312).index(1)]&amp;&amp;limit=9</value>
	</variable>
	<variable name="PlaylistLabelVar">
		<value condition="String.IsEqual(ListItem.DbType,episode)">$INFO[ListItem.TVShowtitle,,: ]$INFO[ListItem.Season,,x]$INFO[ListItem.Episode,,. ]$INFO[ListItem.Title]</value>
		<value condition="String.IsEqual(ListItem.DbType,musicvideo)">$INFO[ListItem.Artist,, - ]$INFO[ListItem.Title]</value>
		<value>$INFO[ListItem.Label]</value>
	</variable>
	<variable name="PlaylistLabel2Var">
		<value condition="Window.IsActive(musicplaylist)">$INFO[ListItem.Duration]</value>
		<value>$INFO[ListItem.Duration,, $LOCALIZE[12391]]</value>
	</variable>
	<variable name="InfoListPathVar">
		<value condition="String.IsEmpty(Container.PluginName)">$INFO[ListItem.FolderPath]</value>
		<value></value>
	</variable>
	<variable name="AddonCountLabel">
		<value condition="Integer.IsGreater(Container(8000).NumItems,10)">&gt;9</value>
		<value condition="Integer.IsGreater(Container(8000).NumItems,9)">9</value>
		<value condition="Integer.IsGreater(Container(8000).NumItems,8)">8</value>
		<value condition="Integer.IsGreater(Container(8000).NumItems,7)">7</value>
		<value condition="Integer.IsGreater(Container(8000).NumItems,6)">6</value>
		<value condition="Integer.IsGreater(Container(8000).NumItems,5)">5</value>
		<value condition="Integer.IsGreater(Container(8000).NumItems,4)">4</value>
		<value condition="Integer.IsGreater(Container(8000).NumItems,3)">3</value>
		<value condition="Integer.IsGreater(Container(8000).NumItems,2)">2</value>
		<value condition="Integer.IsGreater(Container(8000).NumItems,0)">1</value>
		<value>[COLOR grey]0[/COLOR]</value>
	</variable>
	<variable name="MusicInfoTextboxVar">
		<value condition="String.IsEqual(ListItem.DbType,song)">$INFO[ListItem.Comment,[B]$LOCALIZE[569][/B][CR][COLOR=white],[/COLOR]]</value>
		<value condition="String.IsEqual(ListItem.DbType,album)">$INFO[ListItem.Property(Album_Description),[COLOR=white],[/COLOR]]</value>
		<value condition="String.IsEqual(ListItem.DbType,artist)">$INFO[ListItem.Property(Artist_Description),[COLOR=white],[/COLOR]]</value>
	</variable>
	<variable name="NowPlayingSublabelVar">
		<value condition="VideoPlayer.Content(episodes)">$INFO[VideoPlayer.TvShowTitle]</value>
		<value condition="VideoPlayer.Content(movies)">$INFO[VideoPlayer.Year]$INFO[VideoPlayer.Genre, - ]</value>
		<value condition="VideoPlayer.Content(livetv)">$INFO[VideoPlayer.ChannelName]</value>
		<value condition="Player.HasAudio">$INFO[MusicPlayer.Artist]</value>
	</variable>
	<variable name="NowPlayingIconVar">
		<value condition="Player.Paused">icons/now-playing/pause.png</value>
		<value>icons/now-playing/play.png</value>
	</variable>
	<variable name="NowPlayingPosterVar">
		<value condition="!String.IsEmpty(Player.Art(poster))">$INFO[Player.Art(poster)]</value>
		<value condition="!String.IsEmpty(Player.Art(tvshow.poster))">$INFO[Player.Art(tvshow.poster)]</value>
		<value condition="String.IsEmpty(Player.Icon) + VideoPlayer.Content(livetv)">DefaultTVShows.png</value>
		<value>$INFO[Player.Icon]</value>
	</variable>
	<variable name="ShiftThumbVar">
		<value condition="!String.IsEmpty(Listitem.Art(poster))">$INFO[Listitem.Art(poster)]</value>
		<value condition="ListItem.IsParentFolder">DefaultFolderBackSquare.png</value>
		<value condition="String.IsEmpty(Listitem.Thumb) + [String.IsEqual(listitem.dbtype,album) | String.IsEqual(listitem.dbtype,artist)]">DefaultAudio.png</value>
		<value condition="ListItem.IsFolder + String.IsEmpty(ListItem.Thumb)">DefaultFolderSquare.png</value>
		<value>$INFO[ListItem.Thumb]</value>
	</variable>
	<variable name="MusicInfoThumbVar">
		<value condition="!String.IsEmpty(Listitem.Art(thumb))">$INFO[Listitem.Art(thumb)]</value>
		<value condition="String.IsEqual(listitem.dbtype,artist)">DefaultArtist.png</value>
		<value condition="String.IsEqual(listitem.dbtype,album)">DefaultAlbumCover.png</value>
		<value>DefaultAudio.png</value>
	</variable>
	<variable name="InfoWallThumbVar">
		<value condition="!String.IsEqual(listitem.dbtype,musicvideo) + !String.IsEmpty(Listitem.Art(poster))">$INFO[Listitem.Art(poster)]</value>
		<value>$INFO[ListItem.Icon]</value>
	</variable>
	<variable name="IconWallThumbVar">
		<value condition="String.IsEqual(listitem.dbtype,genre) + System.HasAddon(resource.images.moviegenreicons.transparent)">$INFO[ListItem.Label,resource://resource.images.moviegenreicons.transparent/,.png]</value>
		<value condition="String.IsEqual(listitem.dbtype,studio) + System.HasAddon(resource.images.studios.white)">$INFO[ListItem.Label,resource://resource.images.studios.white/,.png]</value>
		<value condition="!String.IsEmpty(Listitem.Art(poster))">$INFO[Listitem.Art(poster)]</value>
		<value condition="!String.isempty(ListItem.Thumb)">$INFO[ListItem.Thumb]</value>
		<value>$INFO[ListItem.Icon]</value>
	</variable>
	<variable name="ListLabel2Var">
		<value condition="String.IsEmpty(Container.PluginName) + Container.Content(tvshows) + String.IsEqual(Container.SortMethod,$LOCALIZE[556])">$INFO[ListItem.Property(WatchedEpisodes)]$INFO[ListItem.Property(TotalEpisodes), / ,]</value>
		<value condition="String.IsEqual(Container.SortMethod,$LOCALIZE[556])">$INFO[ListItem.Year]</value>
		<value condition="!String.isempty(ListItem.Appearances)">$LOCALIZE[38026]: $INFO[ListItem.Appearances]</value>
		<value>$INFO[ListItem.Label2]</value>
	</variable>
	<variable name="ShiftLeftTextBoxVar">
		<value condition="Window.IsActive(pictures)">$INFO[ListItem.Property(description),,[CR]]$INFO[ListItem.PictureDatetime,[COLOR button_focus]$LOCALIZE[552]:  [/COLOR],[CR]]$INFO[ListItem.PictureResolution,[COLOR button_focus]$LOCALIZE[169]:  [/COLOR],[CR]]$INFO[ListItem.PictureCamMake,[COLOR button_focus]$LOCALIZE[31041]:  [/COLOR],[CR]]$INFO[ListItem.PictureCamModel,[COLOR button_focus]$LOCALIZE[21823]:  [/COLOR],[CR]]</value>
		<value condition="String.IsEqual(listitem.dbtype,artist)">$INFO[ListItem.Genre,[COLOR button_focus]$LOCALIZE[515]:  [/COLOR],[CR]]$INFO[ListItem.Property(Artist_YearsActive),[COLOR button_focus]$LOCALIZE[21898]:  [/COLOR],[CR]]$INFO[ListItem.Property(Artist_Style),[COLOR button_focus]$LOCALIZE[736]:  [/COLOR],[CR]]</value>
		<value condition="String.IsEqual(listitem.dbtype,album)">$INFO[ListItem.Year,[COLOR button_focus]$LOCALIZE[345]:  [/COLOR],[CR]]$INFO[ListItem.Genre,[COLOR button_focus]$LOCALIZE[515]:  [/COLOR],[CR]]$INFO[ListItem.Property(album_label),[COLOR button_focus]$LOCALIZE[21899]:  [/COLOR],[CR]]$INFO[ListItem.Property(album_style),[COLOR button_focus]$LOCALIZE[736]:  [/COLOR],[CR]]</value>
		<value condition="String.IsEqual(Listitem.DBType,season) | String.IsEqual(Listitem.DBType,tvshow)">$INFO[ListItem.Genre,[COLOR button_focus]$LOCALIZE[515]:  [/COLOR],[CR]]$INFO[ListItem.Premiered,[COLOR button_focus]$LOCALIZE[20416]:  [/COLOR]]</value>
		<value>$INFO[ListItem.Genre,[COLOR button_focus]$LOCALIZE[515]:  [/COLOR],[CR]]$INFO[ListItem.Director,[COLOR button_focus]$LOCALIZE[20339]:  [/COLOR],[CR]]$INFO[ListItem.Writer,[COLOR button_focus]$LOCALIZE[20417]:  [/COLOR],[CR]]$INFO[ListItem.Premiered,[COLOR button_focus]$LOCALIZE[20416]:  [/COLOR]]</value>
	</variable>
	<variable name="ShiftRightTextBoxVar">
		<value condition="Window.IsActive(pictures)">$INFO[ListItem.Size,[COLOR button_focus]$LOCALIZE[289]:  [/COLOR],[CR]]$INFO[ListItem.PictureAperture,[COLOR button_focus]$LOCALIZE[21826]:  [/COLOR],[CR]]$INFO[ListItem.PictureFocalLen,[COLOR button_focus]$LOCALIZE[21827]:  [/COLOR],[CR]]$INFO[ListItem.PictureExpTime,[COLOR button_focus]$LOCALIZE[21830]:  [/COLOR],[CR]]$INFO[ListItem.Date,[COLOR button_focus]$LOCALIZE[552]:  [/COLOR],[CR]]</value>
		<value condition="String.IsEqual(listitem.dbtype,artist)">$INFO[ListItem.Property(artist_description)]</value>
		<value condition="String.IsEqual(listitem.dbtype,album)">$INFO[ListItem.Property(album_description)]</value>
		<value>$INFO[ListItem.Plot]</value>
	</variable>
	<variable name="SelectLabel">
		<value condition="Control.IsVisible(3)">[COLOR=button_focus]$INFO[Container(3).NumItems][/COLOR] $LOCALIZE[31036] - [COLOR=button_focus]$INFO[Container(3).CurrentPage]/$INFO[Container(3).NumPages][/COLOR]</value>
		<value>[COLOR=button_focus]$INFO[Container(6).NumItems][/COLOR] $LOCALIZE[31036] - [COLOR=button_focus]$INFO[Container(6).CurrentPage]/$INFO[Container(6).NumPages][/COLOR]</value>
	</variable>
	<variable name="FileBrowserSelectLabel">
		<value condition="Control.IsVisible(450)">[COLOR=button_focus]$INFO[Container(450).NumItems][/COLOR] $LOCALIZE[31036] - [COLOR=button_focus]$INFO[Container(450).CurrentPage]/$INFO[Container(450).NumPages][/COLOR]</value>
		<value>[COLOR=button_focus]$INFO[Container(451).NumItems][/COLOR] $LOCALIZE[31036] - [COLOR=button_focus]$INFO[Container(451).CurrentPage]/$INFO[Container(451).NumPages][/COLOR]</value>
	</variable>
	<variable name="BannerArtVar">
		<value condition="ListItem.IsParentFolder">DefaultBackBanner.png</value>
		<value condition="!String.IsEmpty(ListItem.Art(banner))">$INFO[ListItem.Art(banner)]</value>
		<value condition="!String.isempty(ListItem.Art(fanart))">$INFO[ListItem.Art(fanart)]</value>
		<value>dialogs/dialog-bg-nobo.png</value>
	</variable>
	<variable name="FanartImageVar">
		<value condition="ListItem.IsParentFolder">special://skin/extras/home-images/movie.jpg</value>
		<value>$INFO[ListItem.Art(fanart)]</value>
	</variable>
	<variable name="ListBoxInfoVar">
		<value condition="String.IsEqual(Container.FolderPath,addons://outdated/) + !String.IsEmpty(ListItem.Addonnews)">$INFO[ListItem.Addonnews]</value>
		<value condition="Container.Content(addons)">$INFO[ListItem.AddonDescription]</value>
		<value condition="String.IsEqual(listitem.dbtype,album)">$INFO[ListItem.Property(album_description)]</value>
		<value condition="String.IsEqual(listitem.dbtype,musicvideo) | String.IsEqual(listitem.dbtype,video)">$INFO[ListItem.Genre,[COLOR button_focus]$LOCALIZE[515]: [/COLOR],[CR]]$INFO[ListItem.Plot]</value>
		<value condition="String.IsEqual(listitem.dbtype,artist)">$INFO[ListItem.Property(artist_description)]</value>
		<value condition="!String.IsEmpty(ListItem.Plot)">$INFO[ListItem.Plot]</value>
		<value condition="String.IsEqual(listitem.dbtype,song)">$VAR[MusicTrackInfo,[COLOR button_focus]$LOCALIZE[554]:[/COLOR],[CR]]$INFO[ListItem.Artist,[COLOR button_focus]$LOCALIZE[557]: [/COLOR],[CR]]$INFO[listitem.Album,[COLOR button_focus]$LOCALIZE[558]: [/COLOR],[CR]]$INFO[ListItem.DiscNumber,[COLOR button_focus]$LOCALIZE[427]: [/COLOR],[CR]]$INFO[ListItem.Year,[COLOR button_focus]$LOCALIZE[345]: [/COLOR],[CR]]$INFO[ListItem.Genre,[COLOR button_focus]$LOCALIZE[515]: [/COLOR],[CR]]$INFO[ListItem.Duration,[COLOR button_focus]$LOCALIZE[180]: [/COLOR],[CR]]$INFO[ListItem.Playcount,[COLOR button_focus]$LOCALIZE[567]: [/COLOR],[CR]]</value>
		<value>$INFO[ListItem.Genre,[COLOR button_focus]$LOCALIZE[515]: [/COLOR],[CR]]</value>
	</variable>
	<variable name="MusicTrackInfo">
		<value condition="String.IsEmpty(listitem.Title)">$INFO[listitem.TrackNumber, ]</value>
		<value>$INFO[listitem.TrackNumber, ,.]$INFO[listitem.Title, ]</value>
	</variable>	
	<variable name="WidgetGenreIconVar">
		<value condition="System.HasAddon(resource.images.moviegenreicons.transparent)">$INFO[ListItem.Label,resource://resource.images.moviegenreicons.transparent/,.png]</value>
		<value>DefaultGenre.png</value>
	</variable>
	<variable name="WidgetStudioIconVar">
		<value condition="System.HasAddon(resource.images.studios.white)">$INFO[ListItem.Label,resource://resource.images.studios.white/,.png]</value>
		<value>DefaultStudio.png</value>
	</variable>
	<variable name="AddonsLabel2Var">
		<value condition="ListItem.Property(addon.downloading)">$INFO[ListItem.Property(addon.status)]</value>
		<value condition="!String.IsEqual(Container.SortMethod,$LOCALIZE[551])">$INFO[ListItem.Label2]</value>
		<value>$INFO[ListItem.AddonCreator,, - ]$INFO[ListItem.AddonVersion]</value>
	</variable>
	<variable name="RatingSettingLabel2Var">
		<value condition="Skin.HasSetting(circle_rating)">$LOCALIZE[563]</value>
		<value condition="Skin.HasSetting(circle_userrating)">$LOCALIZE[38018]</value>
		<value>$LOCALIZE[16018]</value>
	</variable>
	<variable name="ProfileIdentificationLabel2Var">
		<value condition="Skin.HasSetting(show_profilename)">$LOCALIZE[31165]</value>
		<value condition="Skin.HasSetting(show_profileavatar)">$LOCALIZE[31166]</value>
		<value>$LOCALIZE[16018]</value>
	</variable>
	<variable name="AddonsListIconVar">
		<value condition="!String.IsEmpty(ListItem.AddonBroken)">icons/addonstatus/disable.png</value>
		<value condition="ListItem.Property(addon.orphaned)">icons/addonstatus/orphan.png</value>
		<value condition="ListItem.Property(addon.downloading)">icons/addonstatus/install.png</value>
		<value condition="ListItem.Property(addon.isinstalled) + !ListItem.Property(addon.isenabled) + Window.IsActive(addonbrowser)">icons/addonstatus/disable.png</value>
		<value condition="ListItem.Property(addon.hasupdate)">icons/addonstatus/update.png</value>
		<value condition="ListItem.Property(addon.isinstalled)">OverlayWatched.png</value>
		<value condition="!ListItem.IsParentFolder">OverlayUnwatched.png</value>
	</variable>
	<variable name="ResolutionFlagVar">
		<value condition="ListItem.IsStereoscopic">flags/videoresolution/3D.png</value>
		<value>$INFO[ListItem.VideoResolution,flags/videoresolution/,.png]</value>
	</variable>
	<variable name="ContainerResolutionFlagVar">
		<value condition="Container.ListItem.IsStereoscopic">flags/videoresolution/3D.png</value>
		<value>$INFO[Container.ListItem.VideoResolution,flags/videoresolution/,.png]</value>
	</variable>
	<variable name="BannerVar">
		<value condition="!String.IsEmpty(ListItem.Art(banner))">$INFO[ListItem.Art(banner)]</value>
		<value>$INFO[ListItem.Art(tvshow.banner)]</value>
	</variable>
	<variable name="PosterVar">
		<value condition="ListItem.IsParentFolder">DefaultFolderBackPoster.png</value>
		<value condition="!String.IsEmpty(Container.Art(season.poster)) + Container.Content(episodes)">$INFO[Container.Art(season.poster)]</value>
		<value condition="!String.IsEmpty(Container.Art(tvshow.poster)) + Container.Content(episodes)">$INFO[Container.Art(tvshow.poster)]</value>
		<value condition="!String.IsEmpty(Container.Art(tvshow.poster)) + Container.Content(seasons) + Window.IsActive(movieinformation)">$INFO[Container.Art(tvshow.poster)]</value>
		<value condition="Container.Content(actors) | Container.Content(directors)">$INFO[Container.ListItem.Art(thumb)]</value>
		<value condition="!String.IsEmpty(ListItem.Art(tvshow.poster)) + !String.IsEqual(listitem.dbtype,season)">$INFO[ListItem.Art(tvshow.poster)]</value>
		<value>$INFO[ListItem.Art(poster)]</value>
	</variable>
	<variable name="InfoDialogPosterVar">
		<value condition="!String.IsEmpty(ListItem.Art(poster))">$INFO[ListItem.Art(poster)]</value>
		<value condition="!String.IsEmpty(ListItem.Art(season.poster))">$INFO[ListItem.Art(season.poster)]</value>
		<value condition="!String.IsEmpty(ListItem.Art(tvshow.poster))">$INFO[ListItem.Art(tvshow.poster)]</value>
	</variable>
	<variable name="BannerLabel2Var">
		<value condition="String.IsEqual(Listitem.DBType,tvshow)">$INFO[ListItem.Property(WatchedEpisodes)]$INFO[ListItem.Property(TotalEpisodes), / ,]</value>
		<!-- <value>$INFO[ListItem.Year]</value>
		 -->
	</variable>
	<variable name="VideoPlayerForwardRewindVar">
		<value condition="Player.Forwarding2x | Player.Rewinding2x">2x</value>
		<value condition="Player.Forwarding4x | Player.Rewinding4x">4x</value>
		<value condition="Player.Forwarding8x | Player.Rewinding8x">8x</value>
		<value condition="Player.Forwarding16x | Player.Rewinding16x">16x</value>
		<value condition="Player.Forwarding32x | Player.Rewinding32x">32x</value>
	</variable>
	<variable name="SeekLabel">
		<value condition="!String.IsEmpty(Player.SeekStepSize)">$LOCALIZE[773][COLOR=grey] $INFO[Player.SeekStepSize][/COLOR]</value>
		<value condition="Player.Paused">$LOCALIZE[112]</value>
		<value condition="Player.Forwarding">$LOCALIZE[31039] $VAR[VideoPlayerForwardRewindVar]</value>
		<value condition="Player.Rewinding">$LOCALIZE[31038] $VAR[VideoPlayerForwardRewindVar]</value>
		<value condition="Player.IsTempo">$LOCALIZE[31142]: $INFO[Player.PlaySpeed]</value>
	</variable>
	<variable name="SeekTimeLabelVar">
		<value condition="!String.IsEmpty(Player.SeekNumeric)">[B]$INFO[Player.SeekNumeric(hh:mm:ss)][/B]</value>
		<value condition="Player.Seeking + VideoPlayer.HasEPG">$INFO[PVR.EpgEventSeekTime]$INFO[PVR.EpgEventDuration, / ]</value>
		<value condition="Player.Seeking">$INFO[Player.SeekTime]$INFO[Player.Duration, / ]</value>
		<value condition="VideoPlayer.HasEpg">$INFO[PVR.EpgEventElapsedTime]$INFO[PVR.EpgEventDuration, / ]</value>
		<value>$INFO[Player.Time]$INFO[Player.Duration, / ]</value>
	</variable>
	<variable name="VideoOSDHelpTextVar">
		<value condition="Control.HasFocus(87) + [Player.Rewinding | Player.Forwarding]">$LOCALIZE[31050]</value>
		<value condition="Control.HasFocus(700)">$LOCALIZE[298]</value>
		<value condition="Control.HasFocus(703)">$LOCALIZE[31106]</value>
		<value condition="Control.HasFocus(704)">$LOCALIZE[24012]</value>
		<value condition="Control.HasFocus(804)">$LOCALIZE[31092]</value>
		<value condition="Control.HasFocus(70040)">$LOCALIZE[19033]</value>
		<value condition="Control.HasFocus(70041)">$LOCALIZE[19019]</value>
		<value condition="Control.HasFocus(70042)">$LOCALIZE[19069]</value>
		<value condition="Control.HasFocus(70043)">$LOCALIZE[5]</value>
		<value condition="Control.HasFocus(255)">$LOCALIZE[36501]</value>
		<value condition="Control.HasFocus(606)+ PVR.IsRecordingPlayingChannel">$LOCALIZE[19059]</value>
		<value condition="Control.HasFocus(606)">$LOCALIZE[264]</value>
		<value condition="ControlGroup(6000).HasFocus + Player.SeekEnabled">$LOCALIZE[31054]</value>
	</variable>
	<variable name="MusicOSDHelpTextVar">
		<value condition="Control.HasFocus(620)">$LOCALIZE[31033]$INFO[MusicPlayer.UserRating, : ]</value>
		<value condition="Control.HasFocus(62040)">$LOCALIZE[19033]</value>
		<value condition="Control.HasFocus(62041)">$LOCALIZE[19019]</value>
		<value condition="Control.HasFocus(62042)">$LOCALIZE[19069]</value>
		<value condition="Control.HasFocus(62043)">$LOCALIZE[29900]</value>
		<value condition="Control.HasFocus(704)">$LOCALIZE[486]$INFO[Playlist.Repeat, : ]</value>
		<value condition="Control.HasFocus(607) + Playlist.IsRandom">$LOCALIZE[590]: $LOCALIZE[16041]</value>
		<value condition="Control.HasFocus(607)">$LOCALIZE[590]: $LOCALIZE[16039]</value>
		<value condition="Control.HasFocus(703)">$LOCALIZE[24013]</value>
		<value condition="Control.HasFocus(5000)">$LOCALIZE[10004]</value>
	</variable>
	<variable name="SkinSettingsHelpTextVar">
		<value condition="Container(9000).HasFocus(1)">$LOCALIZE[31129]</value>
		<value condition="Container(9000).HasFocus(2)">$LOCALIZE[31130]</value>
	</variable>
	<variable name="VolumeIconVar">
		<value condition="Player.Muted">dialogs/volume/mute.png</value>
		<value condition="Integer.IsGreater(Player.Volume,66)">dialogs/volume/volume.png</value>
		<value condition="Integer.IsGreater(Player.Volume,33)">dialogs/volume/volume2.png</value>
		<value condition="player.passthrough">dialogs/volume/volume.png</value>
		<value>dialogs/volume/volume1.png</value>
	</variable>
	<variable name="ListSubLabelVar">
		<value condition="ListItem.IsCollection"></value>
		<value>[COLOR grey]$INFO[ListItem.Year, (,)][/COLOR]</value>
	</variable>
	<variable name="VideoInfoMainLabelVar">
		<value condition="!String.IsEmpty(ListItem.Title)">$INFO[ListItem.Title]$INFO[ListItem.Year, ([COLOR grey],[/COLOR])]</value>
		<value>$INFO[ListItem.Label]$INFO[ListItem.Year, ([COLOR grey],[/COLOR])]</value>
	</variable>
	<variable name="VideoInfoPlayButtonLabelVar">
		<value condition="String.IsEqual(ListItem.DBType,tvshow) | String.IsEqual(ListItem.DBType,season)">$LOCALIZE[1024]</value>
		<value>$LOCALIZE[208]</value>
	</variable>
	<variable name="VideoInfoSubLabelVar">
		<value condition="String.IsEqual(ListItem.DBType,episode)">$INFO[ListItem.Season]$INFO[ListItem.Episode,[COLOR grey]x[/COLOR],: ]$INFO[ListItem.TVShowTitle]</value>
		<value condition="String.IsEqual(ListItem.DBType,movie)">$INFO[ListItem.Tagline,[I],[/I]]</value>
		<value>$INFO[ListItem.Genre]</value>
	</variable>
	<variable name="VideoInfoBottomLabelVar">
		<value condition="Control.HasFocus(8)">$INFO[ListItem.LastPlayed,$LOCALIZE[568]: ]</value>
		<value condition="Control.HasFocus(6)">$INFO[ListItem.FileNameAndPath]</value>
	</variable>
	<variable name="NowPlayingBreadcrumbsVar">
		<value condition="VideoPlayer.Content(livetv)">$INFO[VideoPlayer.Title]</value>
		<value condition="VideoPlayer.Content(episodes) + !String.IsEmpty(Player.Art(tvshow.clearlogo))">$INFO[VideoPlayer.Season,[COLOR button_focus]S,[/COLOR]]$INFO[VideoPlayer.Episode,[COLOR button_focus]E,: [/COLOR]]$INFO[VideoPlayer.Title]</value>
		<value condition="VideoPlayer.Content(episodes) + Window.IsActive(fullscreenvideo)">$INFO[VideoPlayer.TVShowTitle]$INFO[VideoPlayer.Year, ([COLOR button_focus],[/COLOR])]</value>
		<value condition="!VideoPlayer.Content(episodes) + Window.IsActive(fullscreenvideo)">$INFO[VideoPlayer.Title]$INFO[VideoPlayer.Year, ([COLOR button_focus],[/COLOR])]</value>
		<value condition="MusicPartyMode.Enabled">$LOCALIZE[589]</value>
		<value>$LOCALIZE[31000]...</value>
	</variable>
	<variable name="OSDSubLabelVar">
		<value condition="Window.IsActive(visualisation) + Integer.IsGreater(Playlist.Length,1) + Integer.IsGreater(Playlist.Position,0)">$LOCALIZE[554] $INFO[Playlist.Position] / $INFO[Playlist.Length]</value>
		<value condition="VideoPlayer.Content(musicvideos)">$INFO[VideoPlayer.Artist]$INFO[VideoPlayer.Album, - ]</value>
		<value condition="VideoPlayer.Content(episodes)">$INFO[VideoPlayer.Season,[COLOR button_focus]S,[/COLOR]]$INFO[VideoPlayer.Episode,[COLOR button_focus]E,: [/COLOR]]$INFO[VideoPlayer.Title]</value>
		<value condition="VideoPlayer.Content(LiveTV) | PVR.IsPlayingRecording | PVR.IsPlayingEpgTag">$INFO[VideoPlayer.ChannelNumberLabel,([COLOR button_focus],[/COLOR]) ]$INFO[VideoPlayer.ChannelName] $INFO[VideoPlayer.EpisodeName, - ]</value>
		<value>$INFO[VideoPlayer.Genre]</value>
	</variable>
	<variable name="PlayerClearLogoVar">
		<value condition="!String.IsEmpty(Player.Art(tvshow.clearlogo))">$INFO[Player.Art(tvshow.clearlogo)]</value>
		<value condition="!String.IsEmpty(Player.Art(clearlogo))">$INFO[Player.Art(clearlogo)]</value>
	</variable>
	<variable name="AddonsFanartVar">
		<value condition="Skin.HasSetting(no_fanart)"></value>
		<value condition="Window.IsActive(musicinformation) | Window.IsActive(movieinformation) | Window.IsActive(addoninformation) | Window.IsActive(pvrguideinfo) | Window.IsActive(pvrrecordinginfo) | Window.IsActive(pictureinfo) | Window.IsVisible(script-script.extendedinfo-DialogVideoInfo.xml) | Window.IsVisible(script-script.extendedinfo-DialogInfo.xml) | Window.IsVisible(script-script.extendedinfo-VideoList.xml)">$INFO[Window(home).Property(infobackground)]</value>
		<value condition="!String.IsEmpty(Container.ListItem.Art(fanart))">$INFO[Container.ListItem.Art(fanart)]</value>
		<value condition="!String.IsEmpty(Skin.String(HomeFanart.path))">$INFO[Skin.String(HomeFanart.path)]$INFO[Container(9000).ListItem.Property(id)]$INFO[Skin.String(HomeFanart.ext)]</value>
	</variable>
	<variable name="HomeFanartVar">
		<value condition="Skin.HasSetting(no_fanart)"></value>
		<value condition="Window.IsActive(musicinformation) | Window.IsActive(movieinformation) | Window.IsActive(addoninformation) | Window.IsActive(pvrguideinfo) | Window.IsActive(pvrrecordinginfo) | Window.IsActive(pictureinfo) | Window.IsVisible(script-script.extendedinfo-DialogVideoInfo.xml) | Window.IsVisible(script-script.extendedinfo-DialogInfo.xml) | Window.IsVisible(script-script.extendedinfo-VideoList.xml)">$INFO[Window(home).Property(infobackground)]</value>
		<value condition="!String.IsEmpty(Container.ListItem.Art(fanart))">$INFO[Container.ListItem.Art(fanart)]</value>
		<value condition="!String.IsEmpty(Container.ListItem.Property(FanartCode))">$INFO[Skin.String(WeatherFanart.path)]$INFO[Container.ListItem.Property(FanartCode)]$INFO[Skin.String(WeatherFanart.ext)]</value>
		<value condition="!String.IsEmpty(Skin.String(HomeFanart.path)) + Control.HasFocus(804)">$INFO[Skin.String(HomeFanart.path)]power$INFO[Skin.String(HomeFanart.ext)]</value>
		<value condition="!String.IsEmpty(Skin.String(HomeFanart.path)) + Control.HasFocus(802)">$INFO[Skin.String(HomeFanart.path)]settings$INFO[Skin.String(HomeFanart.ext)]</value>
		<value condition="!String.IsEmpty(Skin.String(HomeFanart.path)) + Control.HasFocus(803)">$INFO[Skin.String(HomeFanart.path)]favorites$INFO[Skin.String(HomeFanart.ext)]</value>
		<value condition="!String.IsEmpty(Skin.String(HomeFanart.path)) + Control.HasFocus(801)">$INFO[Skin.String(HomeFanart.path)]search$INFO[Skin.String(HomeFanart.ext)]</value>
		<value condition="!String.IsEmpty(Skin.String(HomeFanart.path))">$INFO[Skin.String(HomeFanart.path)]$INFO[Container(9000).ListItem.Property(id)]$INFO[Skin.String(HomeFanart.ext)]</value>
	</variable>
	<variable name="MediaFanartVar">
		<value condition="Skin.HasSetting(no_fanart)"></value>
		<value condition="Window.IsActive(musicinformation) | Window.IsActive(movieinformation) | Window.IsActive(addoninformation) | Window.IsActive(pvrguideinfo) | Window.IsActive(pvrrecordinginfo) | Window.IsActive(pictureinfo) | Window.IsVisible(script-script.extendedinfo-DialogVideoInfo.xml) | Window.IsVisible(script-script.extendedinfo-DialogInfo.xml) | Window.IsVisible(script-script.extendedinfo-VideoList.xml)">$INFO[Window(home).Property(infobackground)]</value>
		<value condition="Container.Content(genres) + Window.IsActive(videos)">$INFO[Skin.String(MovieGenreFanart.path)]$INFO[ListItem.Label]$INFO[Skin.String(MovieGenreFanart.ext)]</value>
		<value condition="Window.IsActive(pictures) + String.IsEmpty(ListItem.Art(fanart))">$INFO[ListItem.FolderPath]</value>
		<value condition="!String.IsEmpty(ListItem.Art(fanart))">$INFO[ListItem.Art(fanart)]</value>
		<value condition="!String.IsEmpty(Container.Art(tvshow.fanart))">$INFO[Container.Art(tvshow.fanart)]</value>
		<value condition="!String.IsEmpty(Container.Art(artist.fanart))">$INFO[Container.Art(artist.fanart)]</value>
		<value>$INFO[Container.Art(fanart)]</value>
	</variable>
	<variable name="WeatherFanartVar">
		<value condition="!String.IsEmpty(Container.ListItem.Property(FanartCode))">$INFO[Skin.String(WeatherFanart.path)]$INFO[Container.ListItem.Property(FanartCode)]$INFO[Skin.String(WeatherFanart.ext)]</value>
		<value condition="!String.IsEmpty(Window(weather).Property(current.fanartcode)) + !String.IsEmpty(Skin.String(weatherfanart.path))">$INFO[Skin.String(weatherfanart.path)]$INFO[Window(Weather).Property(Current.FanartCode)]$INFO[Skin.String(weatherfanart.ext)]</value>
		<value condition="!String.IsEmpty(Skin.String(HomeFanart.path))">$INFO[Skin.String(HomeFanart.path)]weather$INFO[Skin.String(HomeFanart.ext)]</value>
	</variable>
	<variable name="ListWatchedIconVar">
		<value condition="ListItem.IsRecording">windows/pvr/record.png</value>
		<value condition="ListItem.IsPlaying">overlays/watched/OverlayPlaying-List.png</value>
		<value condition="ListItem.IsResumable">overlays/watched/resume.png</value>
		<value condition="ListItem.IsCollection">overlays/set.png</value>
		<value condition="ListItem.IsFolder + String.IsEmpty(Listitem.dbtype) + !String.IsEqual(ListItem.Overlay,OverlayWatched.png) + !ListItem.IsParentFolder">overlays/folder.png</value>
		<value condition="!String.IsEmpty(ListItem.Overlay)">$INFO[ListItem.Overlay]</value>
		<value condition="!ListItem.IsParentFolder">OverlayUnwatched.png</value>
	</variable>
	<variable name="WallWatchedIconVar">
		<value condition="ListItem.IsRecording">windows/pvr/record.png</value>
		<value condition="ListItem.IsCollection">overlays/set.png</value>
		<value condition="ListItem.IsPlaying">overlays/watched/OverlayPlaying-List.png</value>
		<value condition="ListItem.IsResumable">overlays/watched/resume.png</value>
		<value condition="Integer.IsGreater(ListItem.Playcount,0)">$INFO[ListItem.Overlay]</value>
	</variable>
	<!-- Breadcrumbs -->
	<variable name="BreadcrumbsVideoVar">
		<value condition="Container.Content(movies) | String.StartsWith(container.folderpath,library://video/movies/) | String.StartsWith(container.folderpath,videodb://movies)">$LOCALIZE[20342]</value>
		<value condition="Container.Content(musicvideos) | String.StartsWith(container.folderpath,library://video/musicvideos/) | String.StartsWith(container.folderpath,videodb://musicvideos)">$LOCALIZE[20389]</value>
		<value condition="Container.Content(tvshows) | String.StartsWith(container.folderpath,library://video/tvshows/) | String.StartsWith(container.folderpath,videodb://tvshows)">$LOCALIZE[20343]</value>
		<value condition="Container.Content(seasons)">$LOCALIZE[20343]</value>
		<value condition="Container.Content(episodes)">$LOCALIZE[20343]</value>
		<value>$LOCALIZE[3]</value>
	</variable>
	<variable name="BreadcrumbsPVRChannelsVar">
		<value condition="Window.IsActive(TVChannels)">$LOCALIZE[19020] / $LOCALIZE[19019] / $INFO[Control.GetLabel(29)]</value>
		<value>$LOCALIZE[19021] / $LOCALIZE[19019] / $INFO[Control.GetLabel(29)]</value>
	</variable>
	<variable name="BreadcrumbsPVRGuideVar">
		<value condition="Window.IsActive(TVGuide)">$LOCALIZE[19020] / $INFO[Control.GetLabel(29)] - $INFO[Control.GetLabel(30)]</value>
		<value>$LOCALIZE[19021] / $INFO[Control.GetLabel(29)] - $INFO[Control.GetLabel(30)]</value>
	</variable>
	<variable name="BreadcrumbsPVRRecordingsVar">
		<value condition="Window.IsActive(TVRecordings)">$LOCALIZE[19020] / $LOCALIZE[19017]$INFO[Control.GetLabel(30), / ]</value>
		<value>$LOCALIZE[19021] / $LOCALIZE[19017]$INFO[Control.GetLabel(30), / ]</value>
	</variable>
	<variable name="BreadcrumbsPVRTimersVar">
		<value condition="Window.IsActive(TVTimers)">$LOCALIZE[19020] / $LOCALIZE[19040]</value>
		<value condition="Window.IsActive(RadioTimers)">$LOCALIZE[19021] / $LOCALIZE[19040]</value>
		<value condition="Window.IsActive(TVTimerRules)">$LOCALIZE[19020] / $LOCALIZE[19138]$INFO[Control.GetLabel(29), / ]</value>
		<value>$LOCALIZE[19021] / $LOCALIZE[19138]$INFO[Control.GetLabel(29), / ]</value>
	</variable>
	<variable name="BreadcrumbsPVRSearchVar">
		<value condition="Window.IsActive(TVSearch)">$LOCALIZE[19020] / $LOCALIZE[137]</value>
		<value>$LOCALIZE[19021] / $LOCALIZE[137]</value>
	</variable>
	<variable name="BreadcrumbsGameVar">
		<value>$LOCALIZE[15016]</value>
	</variable>
	<variable name="RepeatButtonColordiffuseVar">
		<value condition="Control.HasFocus(704)">button_focus</value>
		<value>FFFFFFFF</value>
	</variable>
	<variable name="PVRChannelMgrHeader">
		<value condition="!String.IsEmpty(Window.Property(IsRadio))">$LOCALIZE[19199] - $LOCALIZE[19024]</value>
		<value>$LOCALIZE[19199] - $LOCALIZE[19023]</value>
	</variable>
	<variable name="RDSInfoSubTitle">
		<value condition="String.IsEmpty(MusicPlayer.ChannelName)">$INFO[Player.Title]</value>
		<value>$INFO[MusicPlayer.ChannelName]$INFO[Player.Title, - ]</value>
	</variable>
	<variable name="PVRGroupMgrHeader">
		<value condition="!String.IsEmpty(Window.Property(IsRadio))">$LOCALIZE[19048] - $LOCALIZE[19174]</value>
		<value>$LOCALIZE[19048] - $LOCALIZE[19173]</value>
	</variable>
	<variable name="PVRAreaVar">
		<value condition="Control.HasFocus(100)">$LOCALIZE[19019]</value>
		<value condition="Control.HasFocus(101)">$LOCALIZE[19069]</value>
		<value condition="Control.HasFocus(102)">$LOCALIZE[19017]</value>
		<value condition="Control.HasFocus(103)">$LOCALIZE[19040]</value>
		<value condition="Control.HasFocus(104)">$LOCALIZE[19138]</value>
		<value condition="Control.HasFocus(105)">$LOCALIZE[137]</value>
	</variable>
	<variable name="PlayerControlsRepeatImageVar">
		<value condition="Playlist.IsRepeatOne">osd/fullscreen/buttons/repeat-one.png</value>
		<value condition="Playlist.IsRepeat">osd/fullscreen/buttons/repeat-all.png</value>
		<value>osd/fullscreen/buttons/repeat-off.png</value>
	</variable>
	<variable name="PlayerLabel1">
		<value condition="Player.HasVideo">$INFO[VideoPlayer.Title]</value>
		<value condition="Player.HasAudio">$INFO[MusicPlayer.Artist]</value>
	</variable>
	<variable name="PlayerLabel2">
		<value condition="VideoPlayer.Content(episodes)">$LOCALIZE[20373]$INFO[VideoPlayer.Season,: , / ]$LOCALIZE[20359]$INFO[VideoPlayer.Episode,: ]</value>
		<value condition="VideoPlayer.Content(movies)">$INFO[VideoPlayer.Year]</value>
		<value condition="VideoPlayer.Content(livetv)">$INFO[VideoPlayer.ChannelName]</value>
		<value condition="Player.HasAudio">[COLOR grey]$INFO[MusicPlayer.Album][/COLOR]$INFO[MusicPlayer.Year, [,] ]</value>
	</variable>
	<variable name="PlayerLabel3">
		<value condition="VideoPlayer.Content(episodes)">$INFO[VideoPlayer.TvShowTitle]</value>
		<value condition="VideoPlayer.Content(movies) | VideoPlayer.Content(livetv)">$INFO[VideoPlayer.Genre]</value>
		<value condition="Player.HasAudio">$INFO[MusicPlayer.TrackNumber,,: ][COLOR=grey]$INFO[Player.Title][/COLOR]</value>
	</variable>
	<variable name="PVRTimerIcon">
		<value condition="ListItem.IsRecording">icons/pvr/PVR-IsRecording.png</value>
		<value condition="ListItem.HasTimerSchedule + ListItem.TimerHasError">icons/pvr/PVR-HasTimerScheduleError.png</value>
		<value condition="ListItem.HasTimer + ListItem.TimerHasError">icons/pvr/PVR-HasTimerError.png</value>
		<value condition="ListItem.HasTimerSchedule + ListItem.TimerHasConflict">icons/pvr/PVR-HasTimerScheduleConflict.png</value>
		<value condition="ListItem.HasTimer + ListItem.TimerHasConflict">icons/pvr/PVR-HasTimerConflict.png</value>
		<value condition="ListItem.HasRecording">icons/pvr/PVR-HasRecording.png</value>
		<value condition="ListItem.HasTimerSchedule + !ListItem.TimerIsActive">icons/pvr/PVR-HasTimerScheduleDisabled.png</value>
		<value condition="ListItem.HasTimer + !ListItem.TimerIsActive">icons/pvr/PVR-HasTimerDisabled.png</value>
		<value condition="ListItem.HasTimerSchedule">icons/pvr/PVR-HasTimerSchedule.png</value>
		<value condition="ListItem.HasTimer">icons/pvr/PVR-HasTimer.png</value>
	</variable>
	<variable name="SeasonEpisodeLabel">
		<value condition="String.IsEmpty(ListItem.EpisodeName)">$INFO[ListItem.Season,S]$INFO[ListItem.Episode,E]</value>
		<value>$INFO[ListItem.Season,S]$INFO[ListItem.Episode,E,: ]</value>
	</variable>
	<variable name="ExpirationDateTimeLabel">
		<value condition="!String.IsEmpty(ListItem.ExpirationDate)">[COLOR grey]$LOCALIZE[19299]:[/COLOR] $INFO[ListItem.ExpirationDate] $INFO[ListItem.ExpirationTime][CR]</value>
	</variable>
	<variable name="VideoHWDecoder">
		<value condition="Player.Process(videohwdecoder)">HW</value>
		<value>SW</value>
	</variable>
	<variable name="AddonNewsVar">
		<value condition="!String.IsEmpty(ListItem.AddonNews)">$LOCALIZE[31136]</value>
	</variable>
	<variable name="TimersSubLabel">
		<value condition="[Window.IsActive(tvtimerrules) | Window.IsActive(radiotimerrules)] + !ListItem.HasTimerSchedule">$INFO[ListItem.Timertype]</value>
		<value>$INFO[ListItem.EpisodeName]</value>
	</variable>
	<variable name="BackgroundOverlayTypeVar">
		<value condition="String.IsEqual(Skin.String(background_overlay),0)">$LOCALIZE[231]</value>
		<value>$INFO[Skin.String(background_overlay),$LOCALIZE[467] ]</value>
	</variable>
	<variable name="MasterModeLabel">
		<value condition="!System.IsMaster">$LOCALIZE[20045]</value>
		<value>$LOCALIZE[20046]</value>
	</variable>
	<variable name="ChannelListEPGIconVar">
		<value condition="!String.IsEmpty(Listitem.EpgEventIcon)">$INFO[ListItem.EpgEventIcon]</value>
		<value>$INFO[ListItem.Icon]</value>
	</variable>
	
	<!--================================HD/SD image in Dialogfullscreeninfo.xml=============================================-->
	
	<!-- <variable name="ResolutionFlagVar">
		<value condition="ListItem.IsStereoscopic + !String.StartsWith(ListItem.FolderPath,plugin://)">flags/videoresolution/3D.png</value>
		<value condition="Window.IsVisible(Custom_1132_MoviesSetsInfo.xml) + Container(60).ListItem.IsStereoscopic">flags/videoresolution/3D.png</value>
		<value condition="String.Contains(ListItem.Filenameandpath,3D) + !String.StartsWith(ListItem.FolderPath,plugin://)">flags/videoresolution/3D.png</value>
		<value condition="Window.IsVisible(Custom_1132_MoviesSetsInfo.xml) + String.Contains(Container(60).ListItem.Filenameandpath,3D)">flags/videoresolution/3D.png</value>
		<value condition="String.Contains(ListItem.Filenameandpath,3d) + !String.StartsWith(ListItem.FolderPath,plugin://)">flags/videoresolution/3D.png</value>
		<value condition="Window.IsVisible(Custom_1132_MoviesSetsInfo.xml) + String.Contains(Container(60).ListItem.Filenameandpath,3d)">flags/videoresolution/3D.png</value>
		<value condition="Window.IsVisible(Custom_1132_MoviesSetsInfo.xml) + !String.IsEmpty(Container(60).ListItem.VideoResolution)">$INFO[Container(60).ListItem.VideoResolution,flags/videoresolution/,.png]</value>
		<value>$INFO[ListItem.VideoResolution,flags/videoresolution/,.png]</value>
	</variable> -->
	<variable name="VideoPlayerResolutionFlagVar">
		<value condition="VideoPlayer.IsStereoscopic + !String.StartsWith(Player.Filenameandpath,http) + !VideoPlayer.Content(livetv) + !Player.IsInternetStream">flags/videoresolution/3D.png</value>
		<value condition="String.Contains(VideoPlayer.Filenameandpath,3D) + !String.StartsWith(Player.Filenameandpath,http) + !VideoPlayer.Content(livetv) + !Player.IsInternetStream">flags/videoresolution/3D.png</value>
		<value condition="String.Contains(VideoPlayer.Filenameandpath,3d) + !String.StartsWith(Player.Filenameandpath,http) + !VideoPlayer.Content(livetv) + !Player.IsInternetStream">flags/videoresolution/3D.png</value>
		<value>$INFO[VideoPlayer.VideoResolution,flags/videoresolution/,.png]</value>
	</variable>
	<!-- =========================================================================== -->
	<variable name="VideoPlayerCertFlagVar">
		<value condition="!String.IsEmpty(ListItem.UserRating)">$INFO[ListItem.UserRating,flags/starrating/,.png]</value>
		<value condition="!String.IsEmpty(ListItem.UserRating)">$INFO[ListItem.UserRating,flags/starrating/,.png]</value>
		<value condition="!String.IsEmpty(SkinHelper.ListItem.UserRating)">$INFO[SkinHelper.ListItem.UserRating,flags/starrating/,.png]</value>
		<value condition="!String.IsEmpty(ListItem.Rating)">$INFO[ListItem.Rating,flags/starrating/,.png]</value>
		<value condition="!String.IsEmpty(ListItem.Rating)">$INFO[ListItem.Rating,flags/starrating/,.png]</value>
		<value condition="!String.IsEmpty(SkinHelper.ListItem.Rating)">$INFO[SkinHelper.ListItem.Rating,flags/starrating/,.png]</value>
		<value>$INFO[ListItem.VideoRating,flags/starrating/,.png]</value>
	</variable>
<!--=======================Parental Rating/Mpaa==================================-->
	<variable name="VideoPlayerRatingFlagVar">
	    <!-- <value condition="Window.IsVisible(Dialogfullscreeninfo.xml) + !String.IsEmpty(Container(60).ListItem.Mpaa)">$INFO[Container(60).ListItem.Mpaa,flags/videoresolution/,.png]</value> -->
	<!-- United Kingdom -->
		<value condition="[!String.IsEmpty(ListItem.mpaa) + String.Contains(ListItem.mpaa,UK:U)] | [String.IsEmpty(ListItem.mpaa) + String.Contains(VideoPlayer.mpaa,UK:U)]">flags/mpaa/bbfc_u.png</value>
		<value condition="[!String.IsEmpty(ListItem.mpaa) + String.Contains(ListItem.mpaa,UK:PG)] | [String.IsEmpty(ListItem.mpaa) + String.Contains(VideoPlayer.mpaa,UK:PG)]">flags/mpaa/bbfc_pg.png</value>
		<value condition="[!String.IsEmpty(ListItem.mpaa) + String.Contains(ListItem.mpaa,UK:12A)] | [String.IsEmpty(ListItem.mpaa) + String.Contains(VideoPlayer.mpaa,UK:12A)]">flags/mpaa/bbfc_12a.png</value>
		<value condition="[!String.IsEmpty(ListItem.mpaa) + String.Contains(ListItem.mpaa,UK:12)] | [String.IsEmpty(ListItem.mpaa) + String.Contains(VideoPlayer.mpaa,UK:12)]">flags/mpaa/bbfc_12.png</value>
		<value condition="[!String.IsEmpty(ListItem.mpaa) + String.Contains(ListItem.mpaa,UK:15)] | [String.IsEmpty(ListItem.mpaa) + String.Contains(VideoPlayer.mpaa,UK:15)]">flags/mpaa/bbfc_15.png</value>
		<value condition="[!String.IsEmpty(ListItem.mpaa) + String.Contains(ListItem.mpaa,UK:18)] | [String.IsEmpty(ListItem.mpaa) + String.Contains(VideoPlayer.mpaa,UK:18)]">flags/mpaa/bbfc_18.png</value>
		<value condition="[!String.IsEmpty(ListItem.mpaa) + String.Contains(ListItem.mpaa,UK:X)] | [String.IsEmpty(ListItem.mpaa) + String.Contains(VideoPlayer.mpaa,UK:X)]">flags/mpaa/bbfc_r18.png</value>
	<!-- US (IMDB) -->
		<value condition="[!String.IsEmpty(ListItem.mpaa) + String.StartsWith(ListItem.mpaa,Rated R)] | [String.IsEmpty(ListItem.mpaa) + String.StartsWith(VideoPlayer.mpaa,Rated R)]">flags/mpaa/mpaa_r.png</value>
		<value condition="[!String.IsEmpty(ListItem.mpaa) + String.StartsWith(ListItem.mpaa,Rated PG-13)] | [String.IsEmpty(ListItem.mpaa) + String.StartsWith(VideoPlayer.mpaa,Rated PG-13)]">flags/mpaa/mpaa_pg13.png</value>
		<value condition="[!String.IsEmpty(ListItem.mpaa) + String.StartsWith(ListItem.mpaa,Rated PG)] | [String.IsEmpty(ListItem.mpaa) + String.StartsWith(VideoPlayer.mpaa,Rated PG)]">flags/mpaa/mpaa_pg.png</value>
		<value condition="[!String.IsEmpty(ListItem.mpaa) + String.StartsWith(ListItem.mpaa,Rated NC)] | [String.IsEmpty(ListItem.mpaa) + String.StartsWith(VideoPlayer.mpaa,Rated NC)]">flags/mpaa/mpaa_nc17.png</value>
		<value condition="[!String.IsEmpty(ListItem.mpaa) + String.StartsWith(ListItem.mpaa,Rated G)] | [String.IsEmpty(ListItem.mpaa) + String.StartsWith(VideoPlayer.mpaa,Rated G)]">flags/mpaa/mpaa_general.png</value>
	<!-- US (TMDB) -->
		<value condition="[!String.IsEmpty(ListItem.mpaa) + String.IsEqual(ListItem.mpaa,R)] | [String.IsEmpty(ListItem.mpaa) + String.IsEqual(VideoPlayer.mpaa,R)]">flags/mpaa/mpaa_r.png</value>
		<value condition="[!String.IsEmpty(ListItem.mpaa) + String.IsEqual(ListItem.mpaa,PG-13)] | [String.IsEmpty(ListItem.mpaa) + String.IsEqual(VideoPlayer.mpaa,PG-13)]">flags/mpaa/mpaa_pg13.png</value>
		<value condition="[!String.IsEmpty(ListItem.mpaa) + String.IsEqual(ListItem.mpaa,PG)] | [String.IsEmpty(ListItem.mpaa) + String.IsEqual(VideoPlayer.mpaa,PG)]">flags/mpaa/mpaa_pg.png</value>
		<value condition="[!String.IsEmpty(ListItem.mpaa) + String.IsEqual(ListItem.mpaa,NC-17)] | [String.IsEmpty(ListItem.mpaa) + String.IsEqual(VideoPlayer.mpaa,NC-17)]">flags/mpaa/mpaa_nc17.png</value>
		<value condition="[!String.IsEmpty(ListItem.mpaa) + String.IsEqual(ListItem.mpaa,G)] | [String.IsEmpty(ListItem.mpaa) + String.IsEqual(VideoPlayer.mpaa,G)]">flags/mpaa/mpaa_general.png</value>
	<!-- US (TV) -->
		<value condition="[!String.IsEmpty(ListItem.mpaa) + String.EndsWith(ListItem.mpaa,TV-14)] | [String.IsEmpty(ListItem.mpaa) + String.EndsWith(VideoPlayer.mpaa,TV-14)]">flags/mpaa/TV-14.png</value>
		<value condition="[!String.IsEmpty(ListItem.mpaa) + String.EndsWith(ListItem.mpaa,TV-G)] | [String.IsEmpty(ListItem.mpaa) + String.EndsWith(VideoPlayer.mpaa,TV-G)]">flags/mpaa/TV-G.png</value>
		<value condition="[!String.IsEmpty(ListItem.mpaa) + String.EndsWith(ListItem.mpaa,TV-MA)] | [String.IsEmpty(ListItem.mpaa) + String.EndsWith(VideoPlayer.mpaa,TV-MA)]">flags/mpaa/TV-MA.png</value>
		<value condition="[!String.IsEmpty(ListItem.mpaa) + String.EndsWith(ListItem.mpaa,TV-PG)] | [String.IsEmpty(ListItem.mpaa) + String.EndsWith(VideoPlayer.mpaa,TV-PG)]">flags/mpaa/TV-PG.png</value>
		<value condition="[!String.IsEmpty(ListItem.mpaa) + String.EndsWith(ListItem.mpaa,TV-Y7)] | [String.IsEmpty(ListItem.mpaa) + String.EndsWith(VideoPlayer.mpaa,TV-Y7)]">flags/mpaa/TV-Y7.png</value>
		<value condition="[!String.IsEmpty(ListItem.mpaa) + String.EndsWith(ListItem.mpaa,TV-Y)] | [String.IsEmpty(ListItem.mpaa) + String.EndsWith(VideoPlayer.mpaa,TV-Y)]">flags/mpaa/TV-Y.png</value>
	<!-- Germany -->
		<value condition="[!String.IsEmpty(ListItem.mpaa) + String.Contains(ListItem.mpaa,Germany:0)] | [String.IsEmpty(ListItem.mpaa) + String.Contains(VideoPlayer.mpaa,Germany:0)]">flags/mpaa/germany_0.png</value>
		<value condition="[!String.IsEmpty(ListItem.mpaa) + String.Contains(ListItem.mpaa,Germany:6)] | [String.IsEmpty(ListItem.mpaa) + String.Contains(VideoPlayer.mpaa,Germany:6)]">flags/mpaa/germany_6.png</value>
		<value condition="[!String.IsEmpty(ListItem.mpaa) + String.Contains(ListItem.mpaa,Germany:12)] | [String.IsEmpty(ListItem.mpaa) + String.Contains(VideoPlayer.mpaa,Germany:12)]">flags/mpaa/germany_12.png</value>
		<value condition="[!String.IsEmpty(ListItem.mpaa) + String.Contains(ListItem.mpaa,Germany:16)] | [String.IsEmpty(ListItem.mpaa) + String.Contains(VideoPlayer.mpaa,Germany:16)]">flags/mpaa/germany_16.png</value>
		<value condition="[!String.IsEmpty(ListItem.mpaa) + String.Contains(ListItem.mpaa,Germany:18)] | [String.IsEmpty(ListItem.mpaa) + String.Contains(VideoPlayer.mpaa,Germany:18)]">flags/mpaa/germany_18.png</value>
	<!-- Australia -->
		<value condition="[!String.IsEmpty(ListItem.mpaa) + String.Contains(ListItem.mpaa,Australia:R)] | [String.IsEmpty(ListItem.mpaa) + String.Contains(VideoPlayer.mpaa,Australia:R)]">flags/mpaa/australia_r.png</value>
		<value condition="[!String.IsEmpty(ListItem.mpaa) + String.Contains(ListItem.mpaa,Australia:MA)] | [String.IsEmpty(ListItem.mpaa) + String.Contains(VideoPlayer.mpaa,Australia:MA)]">flags/mpaa/australia_ma.png</value>
		<value condition="[!String.IsEmpty(ListItem.mpaa) + String.Contains(ListItem.mpaa,Australia:M)] | [String.IsEmpty(ListItem.mpaa) + String.Contains(VideoPlayer.mpaa,Australia:M)]">flags/mpaa/australia_m.png</value>
		<value condition="[!String.IsEmpty(ListItem.mpaa) + String.Contains(ListItem.mpaa,Australia:PG)] | [String.IsEmpty(ListItem.mpaa) + String.Contains(VideoPlayer.mpaa,Australia:PG)]">flags/mpaa/australia_pg.png</value>
		<value condition="[!String.IsEmpty(ListItem.mpaa) + String.Contains(ListItem.mpaa,Australia:G)] | [String.IsEmpty(ListItem.mpaa) + String.Contains(VideoPlayer.mpaa,Australia:G)]">flags/mpaa/australia_g.png</value>
		<value condition="[!String.IsEmpty(ListItem.mpaa) + String.Contains(ListItem.mpaa,Australia:E)] | [String.IsEmpty(ListItem.mpaa) + String.Contains(VideoPlayer.mpaa,Australia:E)]">flags/mpaa/australia_e.png</value>
		<value condition="[!String.IsEmpty(ListItem.mpaa) + String.Contains(ListItem.mpaa,Australia:X)] | [String.IsEmpty(ListItem.mpaa) + String.Contains(VideoPlayer.mpaa,Australia:X)]">flags/mpaa/australia_x.png</value>
	<!-- France -->
		<value condition="[String.IsEmpty(ListItem.mpaa) + [String.Contains(VideoPlayer.mpaa,France:U) | String.Contains(VideoPlayer.mpaa,partir de 3 ans) | String.Contains(VideoPlayer.mpaa,partir de 6 ans)]] | [!String.IsEmpty(ListItem.mpaa) + [String.Contains(ListItem.mpaa,France:U) | String.Contains(ListItem.mpaa,partir de 3 ans) | String.Contains(ListItem.mpaa,partir de 6 ans)]]">flags/mpaa/csaU.png</value>
		<value condition="[String.IsEmpty(ListItem.mpaa) + [String.Contains(VideoPlayer.mpaa,France:-10) | String.Contains(VideoPlayer.mpaa,Interdit aux moins de 10 ans) | String.Contains(VideoPlayer.mpaa,des propos ou des images peuvent heurter)]] | [!String.IsEmpty(ListItem.mpaa) + [String.Contains(ListItem.mpaa,France:-10) | String.Contains(ListItem.mpaa,Interdit aux moins de 10 ans) | String.Contains(ListItem.mpaa,des propos ou des images peuvent heurter)]]">flags/mpaa/csa10.png</value>
		<value condition="[String.IsEmpty(ListItem.mpaa) + [String.Contains(VideoPlayer.mpaa,France:-12) | String.Contains(VideoPlayer.mpaa,Interdit aux moins de 12 ans)]] | [!String.IsEmpty(ListItem.mpaa) + [String.Contains(ListItem.mpaa,France:-12) | String.Contains(ListItem.mpaa,Interdit aux moins de 12 ans)]]">flags/mpaa/csa12.png</value>
		<value condition="[String.IsEmpty(ListItem.mpaa) + [String.Contains(VideoPlayer.mpaa,France:-16) | String.Contains(VideoPlayer.mpaa,Interdit aux moins de 16 ans)]] | [!String.IsEmpty(ListItem.mpaa) + [String.Contains(ListItem.mpaa,France:-16) | String.Contains(ListItem.mpaa,Interdit aux moins de 16 ans)]]">flags/mpaa/csa16.png</value>
		<value condition="[String.IsEmpty(ListItem.mpaa) + [String.Contains(VideoPlayer.mpaa,France:-18) | String.Contains(VideoPlayer.mpaa,Interdit aux moins de 18 ans)]] | [!String.IsEmpty(ListItem.mpaa) + [String.Contains(ListItem.mpaa,France:-18) | String.Contains(ListItem.mpaa,Interdit aux moins de 18 ans)]]">flags/mpaa/csa18.png</value>
	<!-- Korean -->
		<value condition="[String.IsEmpty(ListItem.mpaa) + String.Contains(VideoPlayer.mpaa,전체)] | [!String.IsEmpty(ListItem.mpaa) + String.Contains(ListItem.mpaa,전체)]">flags/mpaa/KR_Certificate_All.png</value>
		<value condition="[String.IsEmpty(ListItem.mpaa) + String.Contains(VideoPlayer.mpaa,12세)] | [!String.IsEmpty(ListItem.mpaa) + String.Contains(ListItem.mpaa,12세)]">flags/mpaa/KR_Certificate_12.png</value>
		<value condition="[String.IsEmpty(ListItem.mpaa) + String.Contains(VideoPlayer.mpaa,15세)] | [!String.IsEmpty(ListItem.mpaa) + String.Contains(ListItem.mpaa,15세)]">flags/mpaa/KR_Certificate_15.png</value>
		<value condition="[String.IsEmpty(ListItem.mpaa) + String.Contains(VideoPlayer.mpaa,불가)] | [!String.IsEmpty(ListItem.mpaa) + String.Contains(ListItem.mpaa,불가)]">flags/mpaa/KR_Certificate_18.png</value>
		<value condition="[String.IsEmpty(ListItem.mpaa) + String.Contains(VideoPlayer.mpaa,제한)] | [!String.IsEmpty(ListItem.mpaa) + String.Contains(ListItem.mpaa,제한)]">flags/mpaa/KR_Certificate_R.png</value>
	<!-- Brazil -->
		<value condition="[!String.IsEmpty(ListItem.mpaa) + [String.Contains(ListItem.mpaa,Brazil:Livre) | String.Contains(ListItem.mpaa,Livre)]] | [String.IsEmpty(ListItem.mpaa) + [String.Contains(VideoPlayer.mpaa,Brazil:Livre) | String.Contains(VideoPlayer.mpaa,Livre)]]">flags/mpaa/mpaa_Brazil_Livre.png</value>
		<value condition="[!String.IsEmpty(ListItem.mpaa) + [String.Contains(ListItem.mpaa,Brazil:10) | String.Contains(ListItem.mpaa,10 anos)]] | [String.IsEmpty(ListItem.mpaa) + [String.Contains(VideoPlayer.mpaa,Brazil:10) | String.Contains(VideoPlayer.mpaa,10 anos)]]">flags/mpaa/mpaa_Brazil_10.png</value>
		<value condition="[!String.IsEmpty(ListItem.mpaa) + [String.Contains(ListItem.mpaa,Brazil:12) | String.Contains(ListItem.mpaa,12 anos)]] | [String.IsEmpty(ListItem.mpaa) + [String.Contains(VideoPlayer.mpaa,Brazil:12) | String.Contains(VideoPlayer.mpaa,12 anos)]]">flags/mpaa/mpaa_Brazil_12.png</value>
		<value condition="[!String.IsEmpty(ListItem.mpaa) + [String.Contains(ListItem.mpaa,Brazil:14) | String.Contains(ListItem.mpaa,14 anos)]] | [String.IsEmpty(ListItem.mpaa) + [String.Contains(VideoPlayer.mpaa,Brazil:14) | String.Contains(VideoPlayer.mpaa,14 anos)]]">flags/mpaa/mpaa_Brazil_14.png</value>
		<value condition="[!String.IsEmpty(ListItem.mpaa) + [String.Contains(ListItem.mpaa,Brazil:16) | String.Contains(ListItem.mpaa,16 anos)]] | [String.IsEmpty(ListItem.mpaa) + [String.Contains(VideoPlayer.mpaa,Brazil:16) | String.Contains(VideoPlayer.mpaa,16 anos)]]">flags/mpaa/mpaa_Brazil_16.png</value>
		<value condition="[!String.IsEmpty(ListItem.mpaa) + [String.Contains(ListItem.mpaa,Brazil:18) | String.Contains(ListItem.mpaa,18 anos)]] | [String.IsEmpty(ListItem.mpaa) + [String.Contains(VideoPlayer.mpaa,Brazil:18) | String.Contains(VideoPlayer.mpaa,18 anos)]]">flags/mpaa/mpaa_Brazil_18.png</value>
		
		<value>$INFO[ListItem.Mpaa,flags/mpaa/,.png]</value>
		
		<!-- <value>$INFO[ListItem.Mpaa,flags/mpaa/,.png]</value>
		<value>$INFO[ListItem.VideoRating,flags/videorating/,.png]</value>
		<value>$INFO[VideoPlayer.VideoRating,flags/videorating/,.png]</value> -->
	</variable>
	
	<variable name="RatingFlagVar">
		<value condition="String.Contains(ListItem.mpaa,US:G) | String.Contains(ListItem.mpaa,USA:G) | String.Contains(ListItem.mpaa,Rated G)">flags/mpaa/G.png</value>
		<value condition="String.Contains(ListItem.mpaa,PG-13)">flags/mpaa/PG-13.png</value>
		<value condition="String.Contains(ListItem.mpaa,Rated PG) | String.IsEqual(ListItem.Mpaa,PG)">flags/mpaa/PG.png</value>
		<value condition="String.Contains(ListItem.mpaa,US:R) | String.Contains(ListItem.mpaa,USA:R) | String.Contains(ListItem.mpaa,Rated R) | String.IsEqual(ListItem.mpaa,R)">flags/mpaa/R.png</value>
		<value condition="String.Contains(ListItem.mpaa,US:NC-17)| String.Contains(ListItem.mpaa,USA:NC-17)| String.Contains(ListItem.mpaa,Rated NC-17)">flags/mpaa/NC-17.png</value>
		<value condition="String.Contains(ListItem.mpaa,UK:U)">flags/mpaa/BBFC_U_Certificate_UK.png</value>
		<value condition="String.Contains(ListItem.mpaa,UK:PG)">flags/mpaa/BBFC_PG_Certificate_UK.png</value>
		<value condition="String.Contains(ListItem.mpaa,UK:12A)">flags/mpaa/BBFC_12A_Certificate_UK.png</value>
		<value condition="String.Contains(ListItem.mpaa,UK:12)">flags/mpaa/BBFC_12_Certificate_UK.png</value>
		<value condition="String.Contains(ListItem.mpaa,UK:15)">flags/mpaa/BBFC_15_Certificate_UK.png</value>
		<value condition="String.Contains(ListItem.mpaa,UK:18)">flags/mpaa/BBFC_18_Certificate_UK.png</value>
		<value condition="String.Contains(ListItem.mpaa,Germany:0) | String.Contains(ListItem.mpaa,ab 0) | String.IsEqual(ListItem.mpaa,0) | String.Contains(ListItem.mpaa,FSK 0) | String.Contains(ListItem.mpaa,Rated 0)">flags/mpaa/FSK-0.png</value>
		<value condition="String.Contains(ListItem.mpaa,Germany:16) | String.Contains(ListItem.mpaa,ab 16) | String.IsEqual(ListItem.mpaa,16) | String.Contains(ListItem.mpaa,FSK 16) | String.Contains(ListItem.mpaa,Rated 16)">flags/mpaa/FSK-16.png</value>
		<value condition="String.Contains(ListItem.mpaa,Germany:6)| String.Contains(ListItem.mpaa,ab 6) | String.IsEqual(ListItem.mpaa,6) | String.Contains(ListItem.mpaa,Rated 6)">flags/mpaa/FSK-6.png</value>
		<value condition="String.Contains(ListItem.mpaa,Germany:12) | String.Contains(ListItem.mpaa,ab 12) | String.IsEqual(ListItem.mpaa,12) | String.Contains(ListItem.mpaa,FSK 12) | String.Contains(ListItem.mpaa,Rated 12)">flags/mpaa/FSK-12.png</value>
		<value condition="String.Contains(ListItem.mpaa,Germany:18) | String.Contains(ListItem.mpaa,ab 18) | String.IsEqual(ListItem.mpaa,18) | String.Contains(ListItem.mpaa,FSK 18) | String.Contains(ListItem.mpaa,Rated 18)">flags/mpaa/FSK-18.png</value>
		<value condition="String.Contains(ListItem.mpaa,besorolás alatt)">flags/mpaa/HU_BA.png</value>
		<value condition="String.Contains(ListItem.mpaa,korhatárra való tekintett nélkül megtekintetheto)">flags/mpaa/HU_KN.png</value>
		<value condition="String.Contains(ListItem.mpaa,12 éven aluliak számára a megtekintése nagykorú felügyelete mellett ajánlott)">flags/mpaa/HU_12.png</value>
		<value condition="String.Contains(ListItem.mpaa,16 éven aluliak számára nem ajánlott)">flags/mpaa/HU_16.png</value>
		<value condition="String.Contains(ListItem.mpaa,18 éven aluliak számára nem ajánlott)">flags/mpaa/HU_18.png</value>
		<value condition="String.Contains(ListItem.mpaa,France:U) | String.Contains(ListItem.mpaa,Tout public) | String.Contains(ListItem.mpaa,Tous publics)">flags/mpaa/csaU.png</value>
		<value condition="String.Contains(ListItem.mpaa,France:10) | String.Contains(ListItem.mpaa,Interdit aux moins de 10 ans) | String.Contains(ListItem.mpaa,des propos ou des images peuvent heurter)">flags/mpaa/csa10.png</value>
		<value condition="String.Contains(ListItem.mpaa,France:12) | String.Contains(ListItem.mpaa,Interdit aux moins de 12 ans)">flags/mpaa/csa12.png</value>
		<value condition="String.Contains(ListItem.mpaa,France:16) | String.Contains(ListItem.mpaa,Interdit aux moins de 16 ans)">flags/mpaa/csa16.png</value>
		<value condition="String.Contains(ListItem.mpaa,France:18) | String.Contains(ListItem.mpaa,Interdit aux moins de 18 ans)">flags/mpaa/csa18.png</value>
		<value condition="String.Contains(ListItem.mpaa,전체)">flags/mpaa/KR_Certificate_All.png</value>
		<value condition="String.Contains(ListItem.mpaa,12세)">flags/mpaa/KR_Certificate_12.png</value>
		<value condition="String.Contains(ListItem.mpaa,15세)">flags/mpaa/KR_Certificate_15.png</value>
		<value condition="String.Contains(ListItem.mpaa,불가)">flags/mpaa/KR_Certificate_18.png</value>
		<value condition="String.Contains(ListItem.mpaa,제한)">flags/mpaa/KR_Certificate_R.png</value>
		<value condition="String.Contains(ListItem.mpaa,Brazil:Livre) | String.Contains(ListItem.mpaa,Livre)">flags/mpaa/MPAA_Brazil_Livre.png</value>
		<value condition="String.Contains(ListItem.mpaa,Brazil:10) | String.Contains(ListItem.mpaa,10 anos)">flags/mpaa/MPAA_Brazil_10.png</value>
		<value condition="String.Contains(ListItem.mpaa,Brazil:12) | String.Contains(ListItem.mpaa,12 anos)">flags/mpaa/MPAA_Brazil_12.png</value>
		<value condition="String.Contains(ListItem.mpaa,Brazil:14) | String.Contains(ListItem.mpaa,14 anos)">flags/mpaa/MPAA_Brazil_14.png</value>
		<value condition="String.Contains(ListItem.mpaa,Brazil:16) | String.Contains(ListItem.mpaa,16 anos)">flags/mpaa/MPAA_Brazil_16.png</value>
		<value condition="String.Contains(ListItem.mpaa,Brazil:18) | String.Contains(ListItem.mpaa,18 anos)">flags/mpaa/MPAA_Brazil_18.png</value>
		<value condition="String.Contains(ListItem.mpaa,Australia:)">$INFO[ListItem.MPAA,flags/mpaa/australia_,.png]</value>
		<value>$INFO[ListItem.MPAA,flags/mpaa/,.png]</value>
	</variable>
	<variable name="VideoRatingFlagVar">
		<value condition="String.Contains(VideoPlayer.mpaa,US:G) | String.Contains(VideoPlayer.mpaa,USA:G) | String.Contains(VideoPlayer.mpaa,Rated G)">flags/mpaa/G.png</value>
		<value condition="String.Contains(VideoPlayer.mpaa,PG-13)">flags/mpaa/PG-13.png</value>
		<value condition="String.Contains(VideoPlayer.mpaa,Rated PG) | String.IsEqual(VideoPlayer.Mpaa,PG)">flags/mpaa/PG.png</value>
		<value condition="String.Contains(VideoPlayer.mpaa,US:R) | String.Contains(VideoPlayer.mpaa,USA:R) | String.Contains(VideoPlayer.mpaa,Rated R) | String.IsEqual(VideoPlayer.mpaa,R)">flags/mpaa/R.png</value>
		<value condition="String.Contains(VideoPlayer.mpaa,US:NC-17)| String.Contains(VideoPlayer.mpaa,USA:NC-17)| String.Contains(VideoPlayer.mpaa,Rated NC-17)">flags/mpaa/NC-17.png</value>
		<value condition="String.Contains(VideoPlayer.mpaa,UK:U)">flags/mpaa/BBFC_U_Certificate_UK.png</value>
		<value condition="String.Contains(VideoPlayer.mpaa,UK:PG)">flags/mpaa/BBFC_PG_Certificate_UK.png</value>
		<value condition="String.Contains(VideoPlayer.mpaa,UK:12A)">flags/mpaa/BBFC_12A_Certificate_UK.png</value>
		<value condition="String.Contains(VideoPlayer.mpaa,UK:12)">flags/mpaa/BBFC_12_Certificate_UK.png</value>
		<value condition="String.Contains(VideoPlayer.mpaa,UK:15)">flags/mpaa/BBFC_15_Certificate_UK.png</value>
		<value condition="String.Contains(VideoPlayer.mpaa,UK:18)">flags/mpaa/BBFC_18_Certificate_UK.png</value>
		<value condition="String.Contains(VideoPlayer.mpaa,Germany:16) | String.Contains(VideoPlayer.mpaa,ab 16) | String.IsEqual(VideoPlayer.mpaa,16) | String.Contains(VideoPlayer.mpaa,FSK 16) | String.Contains(VideoPlayer.mpaa,Rated 16)">flags/mpaa/FSK-16.png</value>
		<value condition="String.Contains(VideoPlayer.mpaa,Germany:6)| String.Contains(VideoPlayer.mpaa,ab 6) | String.IsEqual(VideoPlayer.mpaa,6) | String.Contains(VideoPlayer.mpaa,FSK 16) | String.Contains(VideoPlayer.mpaa,Rated 6)">flags/mpaa/FSK-6.png</value>
		<value condition="String.Contains(VideoPlayer.mpaa,Germany:12) | String.Contains(VideoPlayer.mpaa,ab 12) | String.IsEqual(VideoPlayer.mpaa,12) | String.Contains(VideoPlayer.mpaa,FSK 12) | String.Contains(VideoPlayer.mpaa,Rated 12)">flags/mpaa/FSK-12.png</value>
		<value condition="String.Contains(VideoPlayer.mpaa,Germany:18) | String.Contains(VideoPlayer.mpaa,ab 18) | String.IsEqual(VideoPlayer.mpaa,18) | String.Contains(VideoPlayer.mpaa,FSK 18) | String.Contains(VideoPlayer.mpaa,Rated 18)">flags/mpaa/FSK-18.png</value>
		<value condition="String.Contains(VideoPlayer.mpaa,Germany)|String.Contains(VideoPlayer.mpaa,FSK)| String.Contains(VideoPlayer.mpaa,o.A)| String.Contains(VideoPlayer.mpaa,Rated 0)">flags/mpaa/FSK-0</value>
		<value condition="String.Contains(VideoPlayer.mpaa,besorolás alatt)">flags/mpaa/HU_BA.png</value>
		<value condition="String.Contains(VideoPlayer.mpaa,korhatárra való tekintett nélkül megtekintetheto)">flags/mpaa/HU_KN.png</value>
		<value condition="String.Contains(VideoPlayer.mpaa,12 éven aluliak számára a megtekintése nagykorú felügyelete mellett ajánlott)">flags/mpaa/HU_12.png</value>
		<value condition="String.Contains(VideoPlayer.mpaa,16 éven aluliak számára nem ajánlott)">flags/mpaa/HU_16.png</value>
		<value condition="String.Contains(VideoPlayer.mpaa,18 éven aluliak számára nem ajánlott)">flags/mpaa/HU_18.png</value>
		<value condition="String.Contains(VideoPlayer.mpaa,France:U) | String.Contains(VideoPlayer.mpaa,Tout public) | String.Contains(VideoPlayer.mpaa,Tous publics)">flags/mpaa/csaU.png</value>
		<value condition="String.Contains(VideoPlayer.mpaa,France:10) | String.Contains(VideoPlayer.mpaa,Interdit aux moins de 10 ans) | String.Contains(VideoPlayer.mpaa,des propos ou des images peuvent heurter)">flags/mpaa/csa10.png</value>
		<value condition="String.Contains(VideoPlayer.mpaa,France:12) | String.Contains(VideoPlayer.mpaa,Interdit aux moins de 12 ans)">flags/mpaa/csa12.png</value>
		<value condition="String.Contains(VideoPlayer.mpaa,France:16) | String.Contains(VideoPlayer.mpaa,Interdit aux moins de 16 ans)">flags/mpaa/csa16.png</value>
		<value condition="String.Contains(VideoPlayer.mpaa,France:18) | String.Contains(VideoPlayer.mpaa,Interdit aux moins de 18 ans)">flags/mpaa/csa18.png</value>
		<value condition="String.Contains(VideoPlayer.mpaa,전체)">flags/mpaa/KR_Certificate_All.png</value>
		<value condition="String.Contains(VideoPlayer.mpaa,12세)">flags/mpaa/KR_Certificate_12.png</value>
		<value condition="String.Contains(VideoPlayer.mpaa,15세)">flags/mpaa/KR_Certificate_15.png</value>
		<value condition="String.Contains(VideoPlayer.mpaa,불가)">flags/mpaa/KR_Certificate_18.png</value>
		<value condition="String.Contains(VideoPlayer.mpaa,제한)">flags/mpaa/KR_Certificate_R.png</value>
		<value condition="String.Contains(VideoPlayer.mpaa,Brazil:Livre) | String.Contains(VideoPlayer.mpaa,Livre)">flags/mpaa/MPAA_Brazil_Livre.png</value>
		<value condition="String.Contains(VideoPlayer.mpaa,Brazil:10) | String.Contains(VideoPlayer.mpaa,10 anos)">flags/mpaa/MPAA_Brazil_10.png</value>
		<value condition="String.Contains(VideoPlayer.mpaa,Brazil:12) | String.Contains(VideoPlayer.mpaa,12 anos)">flags/mpaa/MPAA_Brazil_12.png</value>
		<value condition="String.Contains(VideoPlayer.mpaa,Brazil:14) | String.Contains(VideoPlayer.mpaa,14 anos)">flags/mpaa/MPAA_Brazil_14.png</value>
		<value condition="String.Contains(VideoPlayer.mpaa,Brazil:16) | String.Contains(VideoPlayer.mpaa,16 anos)">flags/mpaa/MPAA_Brazil_16.png</value>
		<value condition="String.Contains(VideoPlayer.mpaa,Brazil:18) | String.Contains(VideoPlayer.mpaa,18 anos)">flags/mpaa/MPAA_Brazil_18.png</value>
		<value>$INFO[VideoPlayer.MPAA,flags/mpaa/,.png]</value>
	</variable>
	
	
</includes>
