<?xml version="1.0" encoding="UTF-8"?>
<includes>
<description>-------------------------------------------------------</description>
	<include name="View_50_List">
		<control type="group">		
			<visible>Control.IsVisible(50)</visible>
			
			<include content="ListContainer">
				<param name="list_id" value="50" />
				<param name="right" value="594" />
				<param name="viewtype_label" value="$LOCALIZE[535]" />
			</include>
			
			<control type="group">
				<top>138</top>
				<left>66</left>
				<include>Visible_Left</include>
				<include>OpenClose_Left</include>				
				<control type="group">
				    <control type="image">
						<left>-40</left>
						<top>226</top>
						<width>440</width>
						<height>26</height>
						<texture colordiffuse="FFFFFF26" flipy="false">special://skin/extras/PVR_Q/Views/List/KodiQ_View_55_LeftSideBlack.png</texture>
						<fadetime>390</fadetime>
						<visible>Control.IsVisible(187)</visible>
					</control>
					<control type="image">
						<left>-40</left>
						<top>856</top>
						<width>440</width>
						<height>86</height>
						<texture colordiffuse="00000000">special://skin/extras/PVR_Q/Views/List/KodiQ_View_55_LeftSideBlack.png</texture>
						<fadetime>390</fadetime>
						<visible>Control.IsVisible(187)</visible>
					</control>
					<control type="image" id="187">
						<depth>DepthContentPopout</depth>
						<left>-40</left>
						<top>234</top>
						<width>440</width>
						<height>645</height>
						<aspectratio>scale</aspectratio>
						<texture fallback="DefaultVideo.png">$VAR[InfoDialogPosterVar]</texture>
						<fadetime>400</fadetime>
					</control>					
				</control>
				
				<control type="group">
					<visible>String.IsEqual(ListItem.DBType,episode) | String.IsEqual(ListItem.DBType,video)</visible>
					<visible>!String.IsEmpty(ListItem.Thumb) + !String.IsEqual(ListItem.Thumb,ListItem.Art(poster))</visible>
					<control type="image">
						<left>4</left>
						<top>4</top>
						<width>526</width>
						<height>801</height>
						<aspectratio>stretch</aspectratio>
						<texture colordiffuse="AAFFFFFF" fallback="DefaultVideo.png">colors/black.png</texture>
					</control>
					<control type="image">
						<left>14</left>
						<top>4</top>
						<width>506</width>
						<height>801</height>
						<aspectratio>keep</aspectratio>
						<texture>$INFO[ListItem.Thumb]</texture>
						<bordertexture border="21">overlays/shadow.png</bordertexture>
						<bordersize>20</bordersize>
					</control>
					<fadetime>400</fadetime>
				</control>				
			</control>
<description>----------------------vV Info flags Vv----------------------</description>			
			<control type="group">
			
				<posx>30</posx>
				<posy>1021</posy>
				<align>left</align>
				<aligny>bottom</aligny>
				
				<control type="grouplist">
				    <itemgap>-3</itemgap>
	                <orientation>horizontal</orientation>
					<control type="image" id="4558">
						<width>43</width>
						<height>26</height>
						<texture fallback="DefaultVideo.png">$INFO[ListItem.Mpaa,special://skin/extras/PVR_Q/Information_Icons/mpaa/,.png]</texture>
						<aspectratio>stretch</aspectratio>
						<visible>!String.IsEmpty(ListItem.Mpaa)</visible>
					</control>			
					<control type="image">				
						<width>43</width>
						<height>26</height>						
						<texture fallback="DefaultVideo.png">$INFO[ListItem.VideoResolution,flags/videoresolution/,.png]</texture>
						<aspectratio>stretch</aspectratio>
						<visible>!String.IsEmpty(ListItem.VideoResolution)</visible>
					</control>
                    
					<control type="grouplist">
					    <itemgap>4</itemgap>
					    <orientation>horizontal</orientation>
						<control type="image">				
							<width>37</width>
							<height>24</height>
							<texture fallback="DefaultVideo.png">$INFO[ListItem.VideoAspect,flags/aspectratio/,.png]</texture>
							<aspectratio>stretch</aspectratio>
							<visible>!String.IsEmpty(ListItem.VideoAspect)</visible>
						</control>
						<control type="image">				
							<width>37</width>
							<height>24</height>
							<texture fallback="DefaultVideo.png">$INFO[ListItem.AudioCodec,flags/audiocodec/,.png]</texture>
							<aspectratio>stretch</aspectratio>
							<visible>!String.IsEmpty(ListItem.AudioCodec)</visible>
						</control>
					</control>
					
				</control>				
			</control>
		</control>
		
	</include>
<description>-------------------------------------------------------</description>
	
	<include name="ListContainer">
		<param name="left">0</param>
		<param name="right">0</param>
		<definition>
			<control type="fixedlist" id="$PARAM[list_id]">
				<left>596</left>
				<right>$PARAM[right]</right>
				<top>list_y_offset</top>
				<bottom>list_y_offset</bottom>
				<movement>5</movement>
				<focusposition>6</focusposition>
				<scrolltime tween="cubic" easing="out">500</scrolltime>
				<orientation>vertical</orientation>
				<pagecontrol>$PARAM[list_id]600</pagecontrol>
				<onleft>9000</onleft>
				<onright>$PARAM[list_id]600</onright>
				<onup>$PARAM[list_id]</onup>
				<ondown>$PARAM[list_id]</ondown>
				<viewtype label="$PARAM[viewtype_label]">list</viewtype>
				<visible>Container.Content(movies) | Container.Content(sets) | Container.Content(tvshows) | Container.Content(seasons) | Container.Content(games) | Window.IsActive(MyPlaylist.xml)</visible>
				<focusedlayout height="list_item_height">
					<control type="image">
						<left>0</left>
						<right>0</right>
						<top>0</top>
						<bottom>0</bottom>
						<texture colordiffuse="button_focus">lists/focus.png</texture>
						<visible>Control.HasFocus($PARAM[list_id])</visible>
					</control>
					<control type="label">
						<left>70</left>
						<right>70</right>
						<top>0</top>
						<bottom>0</bottom>
						<aligny>center</aligny>
						<scroll>true</scroll>
						<font>font27</font>
						<label>$INFO[ListItem.Label]</label>
						<shadowcolor>text_shadow</shadowcolor>
					</control>
					<control type="label">
						<top>0</top>
						<bottom>0</bottom>
						<left>100</left>
						<right>20</right>
						<align>right</align>
						<aligny>center</aligny>
						<font>font12</font>
						<label>$VAR[ListLabel2Var]</label>
						<animation effect="fade" start="70" end="100" time="300" reversible="false">Focus</animation>
						<shadowcolor>text_shadow</shadowcolor>
					</control>
					<control type="image">
						<left>21</left>
						<centertop>50%</centertop>
						<width>32</width>
						<height>32</height>
						<texture>$VAR[ListWatchedIconVar]</texture>
						<animation effect="fade" start="30" end="100" time="300" reversible="false">Focus</animation>
					</control>
					<control type="image">
						<left>21</left>
						<centertop>50%</centertop>
						<width>32</width>
						<height>32</height>
						<texture colordiffuse="button_focus">$VAR[ListWatchedIconVar]</texture>
						<animation effect="fade" start="0" end="100" time="300" reversible="false">Focus</animation>
						<animation effect="fade" time="150">VisibleChange</animation>
						<visible>!Control.HasFocus($PARAM[list_id])</visible>
					</control>
				</focusedlayout>
				<itemlayout height="list_item_height">
					<control type="label">
						<left>70</left>
						<right>70</right>
						<top>0</top>
						<bottom>0</bottom>
						<aligny>center</aligny>
						<font>font27</font>
						<label>$INFO[ListItem.Label]</label>
						<shadowcolor>text_shadow</shadowcolor>
					</control>
					<control type="label">
						<left>20</left>
						<right>20</right>
						<top>0</top>
						<bottom>0</bottom>
						<align>right</align>
						<aligny>center</aligny>
						<font>font12</font>
						<label>$VAR[ListLabel2Var]</label>
						<textcolor>grey</textcolor>
						<shadowcolor>text_shadow</shadowcolor>
					</control>
					<control type="image">
						<left>21</left>
						<centertop>50%</centertop>
						<width>32</width>
						<height>32</height>
						<texture colordiffuse="grey">$VAR[ListWatchedIconVar]</texture>
					</control>
				</itemlayout>
			</control>
		</definition>
	</include>
	
	<include name="ListThumbInfoPanel">
		<param name="fallback_image"></param>
		<param name="flip_bg">false</param>
		<definition>
			<control type="group">
			    <left>596</left>
				<depth>DepthContentPanel</depth>
				<include content="ContentPanel">
					<param name="width" value="654" />
					<param name="flipx" value="$PARAM[flip_bg]" />
				</include>
				<control type="image">
					<left>30</left>
					<top>140</top>
					<width>530</width>
					<height>470</height>
					<aspectratio aligny="bottom">keep</aspectratio>
					<fadetime>300</fadetime>
					<texture fallback="$PARAM[fallback_image]" background="true">$VAR[IconWallThumbVar]</texture>
					<visible>!String.IsEqual(ListItem.DbType,episode)</visible>
				</control>
				<control type="image">
					<left>30</left>
					<top>140</top>
					<width>530</width>
					<height>330</height>
					<aspectratio aligny="bottom">keep</aspectratio>
					<fadetime>300</fadetime>
					<texture background="true">$INFO[ListItem.Icon]</texture>
					<visible>String.IsEqual(ListItem.DbType,episode)</visible>
				</control>
				<control type="group">
					<left>273</left>
					<top>590</top>
					<include condition="Skin.HasSetting(circle_rating) | Skin.HasSetting(circle_userrating)">RatingCircle</include>
					<animation effect="slide" end="0,-140" time="0" condition="String.IsEqual(ListItem.DbType,episode)">conditional</animation>
				</control>
				<control type="group">
					<visible>!Container.Content() | !String.isempty(ListItem.Plot)</visible>
					<left>30</left>
					<control type="textbox" id="15500">
						<top>640</top>
						<width>525</width>
						<bottom>117</bottom>
						<autoscroll time="3000" delay="7000" repeat="5000">!System.HasModalDialog + Skin.HasSetting(AutoScroll)</autoscroll>
						<label>$VAR[ListBoxInfoVar]</label>
						<visible>!String.IsEqual(ListItem.DbType,episode)</visible>
					</control>
					<control type="textbox" id="15501">
						<top>485</top>
						<width>525</width>
						<bottom>96</bottom>
						<autoscroll time="3000" delay="7000" repeat="5000">!System.HasModalDialog + Skin.HasSetting(AutoScroll)</autoscroll>
						<label>$INFO[ListItem.Plot]</label>
						<visible>String.IsEqual(ListItem.DbType,episode)</visible>
					</control>
				</control>
				<control type="group">
					<left>20</left>
					<top>640</top>
					<visible>ListItem.IsCollection + String.IsEmpty(ListItem.Plot)</visible>
					<include content="InfoList">
						<param name="bottom" value="100" />
						<param name="width" value="540" />
						<param name="sortby" value="year" />
						<param name="sortorder" value="ascending" />
						<param name="font" value="font13" />
					</include>
				</control>
				<control type="group">
					<visible>!ListItem.IsCollection + String.IsEmpty(Control.GetLabel(15500)) + Control.IsVisible(15500)</visible>
					<control type="textbox">
						<left>30</left>
						<top>460</top>
						<width>530</width>
						<height>413</height>
						<align>center</align>
						<aligny>center</aligny>
						<font>font27</font>
						<textcolor>80FFFFFF</textcolor>
						<label>$LOCALIZE[19055]</label>
						<visible>!ListItem.IsParentFolder</visible>
						<visible>!Integer.IsGreater(Container(42000).NumItems,0) + !Integer.IsGreater(Container(43000).NumItems,0)</visible>
						<visible>!Container.Content() | !String.isempty(ListItem.Plot)</visible>
					</control>
					<control type="group">
						<left>20</left>
						<top>640</top>
						<visible>!String.IsEmpty(ListItem.DBID)</visible>
						<include content="InfoList">
							<param name="list_id" value="42000" />
							<param name="bottom" value="100" />
							<param name="width" value="540" />
							<param name="sortby" value="year" />
							<param name="sortorder" value="ascending" />
							<param name="item_label" value="$INFO[ListItem.Year,[COLOR button_focus],[/COLOR]  -  ]$INFO[ListItem.Label]" />
							<param name="visible" value="String.IsEqual(ListItem.DBType,artist)" />
						</include>
						<include content="InfoList">
							<param name="list_id" value="43000" />
							<param name="bottom" value="100" />
							<param name="width" value="540" />
							<param name="sortby" value="track" />
							<param name="sortorder" value="ascending" />
							<param name="item_label" value="$INFO[ListItem.Duration,[COLOR button_focus],[/COLOR]  -  ]$INFO[ListItem.Label]" />
							<param name="visible" value="String.IsEqual(ListItem.DBType,album)" />
						</include>
					</control>
				</control>
			</control>
		</definition>
	</include>
	
</includes>
