<?xml version="1.0" encoding="UTF-8"?>
<includes>
	<include name="View_55_WideList">
		<control type="group">
			<include>OpenClose_Right</include>
			<!-- <visible>Control.IsVisible(55)</visible> -->
			<include>Visible_Right</include>			
			<control type="fixedlist" id="55">
				<left>594</left>
				<top>list_y_offset</top>
				<bottom>list_y_offset</bottom>
				<right>0</right>
				<scrolltime tween="cubic" easing="out">500</scrolltime>
				<orientation>vertical</orientation>
				<pagecontrol>531</pagecontrol>
				<movement>5</movement>
				<focusposition>6</focusposition>
				<onleft>9000</onleft>
				<onright>531</onright>
				<onup>55</onup>
				<ondown>55</ondown>
				<viewtype label="$LOCALIZE[31107]">list</viewtype>
<description>--------------------------------------------------------------</description>
	            <itemlayout height="list_item_height" condition="Container.Content(games)">
					<control type="image">
						<left>35</left>
						<centertop>50%</centertop>
						<width>32</width>
						<height>32</height>
						<texture colordiffuse="grey">$VAR[ListWatchedIconVar]</texture>
					</control>
					<control type="label">
						<left>105</left>
						<top>0</top>
						<bottom>0</bottom>
						<right>40</right>
						<aligny>center</aligny>
						<label>$INFO[ListItem.Label]</label>
						<shadowcolor>text_shadow</shadowcolor>
					</control>
					<control type="label">
						<left>105</left>
						<top>0</top>
						<bottom>0</bottom>
						<right>40</right>
						<align>right</align>
						<aligny>center</aligny>
						<label>$VAR[ListLabel2Var]</label>
						<shadowcolor>text_shadow</shadowcolor>
					</control>					
					<control type="group">				
						<control type="image">
							<posx>-460</posx>
							<posy>0</posy>
							<width>1020</width>
							<height>3</height>
							<texture>special://skin/extras/PVR_Q/SystemSettings/shadedline.png</texture>
						</control>
					</control>					
				</itemlayout>
				<focusedlayout height="list_item_height" condition="Container.Content(games)">
					<control type="image">
						<left>0</left>
						<right>0</right>
						<bottom>0</bottom>
						<texture colordiffuse="button_focus">lists/focus.png</texture>
						<visible>Control.HasFocus(55)</visible>
					</control>
					<control type="image">
						<left>35</left>
						<centertop>50%</centertop>
						<width>32</width>
						<height>32</height>
						<texture>$VAR[ListWatchedIconVar]</texture>
					</control>
					<control type="label">
					    <top>0</top>
						<bottom>0</bottom>
						<left>105</left>						
						<right>40</right>
						<scroll>true</scroll>
						<align>left</align>
						<aligny>center</aligny>
						<label>$INFO[ListItem.Label]</label>
						<shadowcolor>text_shadow</shadowcolor>
					</control>
					<control type="label">
					    <top>0</top>
						<bottom>0</bottom>
						<left>105</left>						
						<right>40</right>
						<align>right</align>
						<label>$VAR[ListLabel2Var]</label>
						<shadowcolor>text_shadow</shadowcolor>
					</control>					
					<control type="group">				
						<control type="image">
							<posx>-460</posx>
							<posy>0</posy>
							<width>1020</width>
							<height>3</height>
							<texture>special://skin/extras/PVR_Q/SystemSettings/shadedline.png</texture>
						</control>
					</control>				
				</focusedlayout>			
<description>--------------------------------------------------------------</description>
                <itemlayout height="list_item_height" condition="Container.Content(titles) | Container.Content(roles) | Container.Content(countries) | Container.Content(tags) | Container.Content(sets) | Container.Content(directors) | Container.Content(studios) | Container.Content(actors) | Container.Content(years) | Container.Content(genres) | Container.Content(albums) | Container.Content(artists) | Container.Content(files) | Container.Content(playlists) | Container.Content(tvshows) | Container.Content(seasons) | Container.Content(episodes) | Container.Content(movies) | Container.Content(musicvideos) | Container.Content(plugins)">
				    <control type="group">
						<control type="image">
							<left>35</left>
							<centertop>50%</centertop>
							<width>32</width>
							<height>32</height>
							<texture colordiffuse="grey">$VAR[ListWatchedIconVar]</texture>
						</control>
						<control type="label">
							<left>310</left>
							<top>0</top>
							<bottom>0</bottom>
							<right>40</right>
							<aligny>center</aligny>
							<label>$INFO[ListItem.Label]</label>
							<shadowcolor>text_shadow</shadowcolor>
						</control>
						<control type="label">
							<left>310</left>
							<top>0</top>
							<bottom>0</bottom>
							<right>40</right>
							<align>right</align>
							<aligny>center</aligny>
							<label>$VAR[ListLabel2Var]</label>
							<shadowcolor>text_shadow</shadowcolor>
						</control>
					</control>
				</itemlayout>			    
				<focusedlayout height="list_item_height" condition="Container.Content(titles) | Container.Content(roles) | Container.Content(countries) | Container.Content(tags) | Container.Content(sets) | Container.Content(directors) | Container.Content(studios) | Container.Content(actors) | Container.Content(years) | Container.Content(genres) | Container.Content(albums) | Container.Content(artists) | Container.Content(files) | Container.Content(playlists) | Container.Content(tvshows) | Container.Content(seasons) | Container.Content(episodes) | Container.Content(movies) | Container.Content(musicvideos) | Container.Content(plugins)">
				    <control type="group">
						<control type="image">
							<left>0</left>
							<right>0</right>
							<bottom>0</bottom>
							<texture colordiffuse="button_focus">lists/focus.png</texture>
						</control>
						<control type="image">
							<left>35</left>
							<centertop>50%</centertop>
							<width>32</width>
							<height>32</height>
							<texture>$VAR[ListWatchedIconVar]</texture>
						</control>
						<control type="label">
							<left>105</left>
							<top>0</top>
							<bottom>0</bottom>
							<right>40</right>
							<aligny>center</aligny>
							<scroll>true</scroll>
							<label>$INFO[ListItem.Label]</label>
							<shadowcolor>text_shadow</shadowcolor>
						</control>
						<control type="label">
							<left>105</left>
							<top>0</top>
							<bottom>0</bottom>
							<right>40</right>
							<align>right</align>
							<aligny>center</aligny>
							<label>$VAR[ListLabel2Var]</label>
							<shadowcolor>text_shadow</shadowcolor>
						</control>
					</control>
				</focusedlayout>								
<description>--------------------------------------------------------------</description>
                <itemlayout height="list_item_height" condition="Container.Content(videos)">
				    <control type="group">
						<control type="image">
							<left>35</left>
							<centertop>50%</centertop>
							<width>32</width>
							<height>32</height>
							<texture colordiffuse="grey">$VAR[ListWatchedIconVar]</texture>
						</control>
						<control type="label">
							<left>310</left>
							<top>0</top>
							<bottom>0</bottom>
							<right>40</right>
							<aligny>center</aligny>
							<label>$INFO[ListItem.Label]</label>
							<shadowcolor>text_shadow</shadowcolor>
						</control>
						<control type="label">
							<left>310</left>
							<top>0</top>
							<bottom>0</bottom>
							<right>40</right>
							<align>right</align>
							<aligny>center</aligny>
							<label>$VAR[ListLabel2Var]</label>
							<shadowcolor>text_shadow</shadowcolor>
						</control>
					</control>
				</itemlayout>				
				<focusedlayout height="list_item_height" condition="Container.Content(videos)">
				    <control type="group">
						<control type="image">
							<left>0</left>
							<right>0</right>
							<bottom>0</bottom>
							<texture colordiffuse="button_focus">lists/focus.png</texture>
						</control>
						<control type="image">
							<left>35</left>
							<centertop>50%</centertop>
							<width>32</width>
							<height>32</height>
							<texture>$VAR[ListWatchedIconVar]</texture>
						</control>
						<control type="label">
							<left>105</left>
							<top>0</top>
							<bottom>0</bottom>
							<right>40</right>
							<aligny>center</aligny>
							<scroll>true</scroll>
							<label>$INFO[ListItem.Label]</label>
							<shadowcolor>text_shadow</shadowcolor>
						</control>
						<control type="label">
							<left>105</left>
							<top>0</top>
							<bottom>0</bottom>
							<right>40</right>
							<align>right</align>
							<aligny>center</aligny>
							<label>$VAR[ListLabel2Var]</label>
							<shadowcolor>text_shadow</shadowcolor>
						</control>
					</control>
				</focusedlayout>
<description>--------------------------------------------------------------</description>
                <itemlayout width="720" height="100" condition="Container.Content(pictures) | Container.Content(images)">
				    <control type="group">
					    <posx>0</posx>
						<posy>0</posy>
						<control type="group">
							<control type="image">
								<width>32</width>
								<height>32</height>
								<left>35</left>
								<centertop>50%</centertop>								
								<texture colordiffuse="grey">$VAR[ListWatchedIconVar]</texture>
							</control>
							<control type="label">
								<left>105</left>
								<top>0</top>
								<bottom>0</bottom>
								<right>40</right>
								<aligny>center</aligny>
								<label>$INFO[ListItem.Label]</label>
								<shadowcolor>text_shadow</shadowcolor>
							</control>
							<control type="label">
								<left>105</left>
								<top>0</top>
								<bottom>0</bottom>
								<right>40</right>
								<align>right</align>
								<aligny>center</aligny>
								<label>$VAR[ListLabel2Var]</label>
								<shadowcolor>text_shadow</shadowcolor>
							</control>
						</control>
					</control>
				</itemlayout>				
				<focusedlayout width="720" height="100" condition="Container.Content(pictures) | Container.Content(images)">
				    <control type="group">
						<control type="image">
							<left>0</left>
							<right>0</right>
							<bottom>0</bottom>
							<texture colordiffuse="button_focus">lists/focus.png</texture>
						</control>
						<control type="image">
							<left>35</left>
							<width>32</width>
							<height>32</height>
							<centertop>50%</centertop>							
							<texture>$VAR[ListWatchedIconVar]</texture>
						</control>
						<control type="label">
							<left>105</left>
							<top>0</top>
							<bottom>0</bottom>
							<right>40</right>
							<aligny>center</aligny>
							<scroll>true</scroll>
							<label>$INFO[ListItem.Label]</label>
							<shadowcolor>text_shadow</shadowcolor>
						</control>
						<control type="label">
							<left>105</left>
							<top>0</top>
							<bottom>0</bottom>
							<right>40</right>
							<align>right</align>
							<aligny>center</aligny>
							<label>$VAR[ListLabel2Var]</label>
							<shadowcolor>text_shadow</shadowcolor>
						</control>
					</control>
				</focusedlayout>
<description>--------------------------------------------------------------</description>				
				<!-- <include condition="Window.IsActive(music)">SongsListLayout</include>-->
				<include>AddonsListLayout</include>
				<!-- <include>QUTubeListLayout</include> -->
			</control>
		</control>
	</include>
	
	!Container.Content(titles) + !Container.Content(images) + !Container.Content(roles) + !Container.Content(countries) + !Container.Content(tags) + !Container.Content(sets) + !Container.Content(directors) + !Container.Content(studios) + !Container.Content(actors) + !Container.Content(years) + !Container.Content(genres) + !Container.Content(albums) + !Container.Content(artists) + !Container.Content(files) + !Container.Content(addons) + !Container.Content(playlists) + !Container.Content(tvshows) + !Container.Content(seasons) + !Container.Content(episodes) + !Container.Content(movies) + !Container.Content(musicvideos) + !Container.Content(videos) + !Container.Content(plugins)
	
	<include name="SongsListLayout">
		<focusedlayout height="80" condition="Container.Content(songs)">
			<control type="image">
				<left>0</left>
				<right>0</right>
				<height>80</height>
				<texture colordiffuse="button_focus">lists/focus.png</texture>
				<visible>Control.hasFocus(55)</visible>
			</control>
			<control type="label">
				<left>35</left>
				<height>80</height>
				<right>40</right>
				<aligny>center</aligny>
				<scroll>true</scroll>
				<label>$INFO[ListItem.Label]</label>
				<shadowcolor>text_shadow</shadowcolor>
			</control>
			<control type="label">
				<left>35</left>
				<height>80</height>
				<right>40</right>
				<align>right</align>
				<aligny>center</aligny>
				<label>$INFO[ListItem.Label2]</label>
				<shadowcolor>text_shadow</shadowcolor>
			</control>
		</focusedlayout>
		
		<itemlayout height="80" condition="Container.Content(songs)">
			<control type="label">
				<left>35</left>
				<height>80</height>
				<right>40</right>
				<aligny>center</aligny>
				<label>$INFO[ListItem.Label]</label>
				<shadowcolor>text_shadow</shadowcolor>
			</control>
			<control type="label">
				<left>35</left>
				<height>80</height>
				<right>40</right>
				<align>right</align>
				<aligny>center</aligny>
				<label>$INFO[ListItem.Label2]</label>
				<textcolor>grey</textcolor>
				<shadowcolor>text_shadow</shadowcolor>
			</control>
		</itemlayout>
	</include>
	
	<include name="AddonsListLayout">
	
		<focusedlayout height="80" condition="Container.Content(addons)">
			<control type="image">
				<left>0</left>
				<right>0</right>
				<height>80</height>
				<texture colordiffuse="button_focus">lists/focus.png</texture>
				<visible>Control.hasFocus(55)</visible>
			</control>
			<control type="image">
				<left>20</left>
				<top>25</top>
				<width>32</width>
				<height>32</height>
				<texture>$VAR[AddonsListIconVar]</texture>
			</control>
			<control type="label">
				<left>75</left>
				<height>80</height>
				<right>40</right>
				<aligny>center</aligny>
				<scroll>true</scroll>
				<label>$INFO[ListItem.Label]</label>
			</control>
			<control type="label">
				<left>75</left>
				<height>80</height>
				<right>40</right>
				<align>right</align>
				<aligny>center</aligny>
				<font>font27</font>
				<label>$VAR[AddonsLabel2Var]</label>
			</control>
		</focusedlayout>
		
		<itemlayout height="80" condition="Container.Content(addons)">
			<control type="image">
				<left>20</left>
				<top>25</top>
				<width>32</width>
				<height>32</height>
				<texture>$VAR[AddonsListIconVar]</texture>
			</control>
			<control type="label">
				<left>75</left>
				<height>80</height>
				<right>40</right>
				<aligny>center</aligny>
				<scroll>true</scroll>
				<label>$INFO[ListItem.Label]</label>
			</control>
			<control type="label">
				<left>75</left>
				<height>80</height>
				<right>40</right>
				<align>right</align>
				<aligny>center</aligny>
				<font>font27</font>
				<label>$VAR[AddonsLabel2Var]</label>
				<textcolor>grey</textcolor>
				<shadowcolor>text_shadow</shadowcolor>
			</control>
		</itemlayout>
	</include>
	
</includes>
