<?xml version="1.0" encoding="utf-8"?>
<includes>
<defaultcontrol always="true">514</defaultcontrol>
	<include name="View_514_QUTube">
	    <include>Default_Utube_Background</include>
		<control type="group">
			
			<left>0</left>
			<top>0</top>
			<visible>Control.IsVisible(514)</visible>
			<include>Visible_Right</include>
            <include>OpenClose_Right</include> 
            
			<!-- <control type="image">
				<left>40</left>
				<top>320</top>
				<width>135</width>
				<height>26</height>
				<animation effect="fade" start="100" end="60" time="0" condition="!String.IsEmpty(ListItem.Rating)">Conditional</animation>
				<texture fallback="flags/starrating/0.0.png">$INFO[ListItem.Rating,flags/starrating/,.png]</texture>
			</control> -->
 
			<control type="panel" id="514">
				<left>440</left>
				<bottom>0</bottom>
				<right>15</right>
				<height>64%</height>
				<pagecontrol>20</pagecontrol>
				<!-- <onleft>9000</onleft> -->
				<!-- <onright>531</onright> -->				
				<onup condition="Integer.IsGreater(Container.NumPages,1)">514</onup>
				<ondown condition="!Integer.IsGreater(Container.NumPages,1)">514</ondown>

                <viewtype label="QUTube">u icon</viewtype>
				<preloaditems>2</preloaditems>
				<pagecontrol>531</pagecontrol>
				<visible>Container.Content(artists) | Container.Content(albums) | Container.Content(sets) | Container.Content(movies) | Container.Content(tvshows) | Container.Content(seasons) | Container.Content(episodes) | Container.Content(musicvideos) | Container.Content(images) | Container.Content(videos) | Container.Content(games)</visible>
<description>-----------------vV This is the U-Tube layout Vv--------------------</description>	
				<itemlayout height="300" width="350" condition="Container.Content(videos)">
					<control type="group">
						<left>64</left>
						<top>110</top>
						<include content="KodiQ-UtubeHorizontalLayout">
							<param name="focused" value="false" />
							<param name="thumb_label" value="$INFO[ListItem.Label2]" />
						</include>
					</control>
				</itemlayout>
				<focusedlayout height="300" width="300" condition="Container.Content(videos)">
					<control type="group">
						<left>64</left>
						<top>110</top>
						<include content="KodiQ-UtubeHorizontalFocusedLayout">
							<param name="focused" value="true" />
							<param name="thumb_label" value="$INFO[ListItem.Label2]" />
						</include>
					</control>
				</focusedlayout>	
			</control>			
		</control>		
		
	</include>

    <!-- <control type="fixedlist" id="58">
		<left>0</left>
		<top>list_y_offset</top>
		<bottom>list_y_offset</bottom>
		<right>0</right>
		
		<scrolltime tween="cubic" easing="out">500</scrolltime>
		<orientation>vertical</orientation>
		<pagecontrol>531</pagecontrol>
		<movement>5</movement>
		<focusposition>6</focusposition>
		
		<onleft>9000</onleft>
		<onright>531</onright>
		<onup>55</onup>
		<ondown>55</ondown>

        <itemlayout height="80" condition="Container.Content(Videos,plugin://plugin.video.youtube)">
			<control type="image">
				<left>20</left>
				<top>25</top>
				<width>32</width>
				<height>32</height>
				<texture>$VAR[AddonsListIconVar]</texture>
			</control>
			<control type="label">
				<left>300</left>
				<height>80</height>
				<right>40</right>
				<aligny>center</aligny>
				<scroll>true</scroll>
				<label>$INFO[ListItem.Label]</label>
			</control>
			<control type="label">
				<left>300</left>
				<height>80</height>
				<right>40</right>
				<align>right</align>
				<aligny>center</aligny>
				<font>font27</font>
				<label>$VAR[AddonsLabel2Var]</label>
				<textcolor>grey</textcolor>
				<shadowcolor>text_shadow</shadowcolor>
			</control>
		</itemlayout>
	    
		<focusedlayout height="80" condition="Container.Content(Videos,plugin://plugin.video.youtube)">
			<control type="image">
				<left>0</left>
				<right>0</right>
				<height>80</height>
				<texture colordiffuse="button_focus">lists/focus.png</texture>
				<visible>Control.hasFocus(55)</visible>
			</control>
			<control type="image">
				<left>20</left>
				<top>25</top>
				<width>32</width>
				<height>32</height>
				<texture>$VAR[AddonsListIconVar]</texture>
			</control>
			<control type="label">
				<left>75</left>
				<height>80</height>
				<right>40</right>
				<aligny>center</aligny>
				<scroll>true</scroll>
				<label>$INFO[ListItem.Label]</label>
			</control>
			<control type="label">
				<left>75</left>
				<height>80</height>
				<right>40</right>
				<align>right</align>
				<aligny>center</aligny>
				<font>font27</font>
				<label>$VAR[AddonsLabel2Var]</label>
			</control>
		</focusedlayout>
	</control> -->
	
	
<!-- <description></description>	
	<include name="QUTubeListLayout">
	    <itemlayout height="80" condition="Container.Content(plugin.video.youtube)">
			<control type="image">
				<left>20</left>
				<top>25</top>
				<width>32</width>
				<height>32</height>
				<texture>$VAR[AddonsListIconVar]</texture>
			</control>
			<control type="label">
				<left>300</left>
				<height>80</height>
				<right>40</right>
				<aligny>center</aligny>
				<scroll>true</scroll>
				<label>$INFO[ListItem.Label]</label>
			</control>
			<control type="label">
				<left>300</left>
				<height>80</height>
				<right>40</right>
				<align>right</align>
				<aligny>center</aligny>
				<font>font27</font>
				<label>$VAR[AddonsLabel2Var]</label>
				<textcolor>grey</textcolor>
				<shadowcolor>text_shadow</shadowcolor>
			</control>
		</itemlayout>
	    
		<focusedlayout height="80" condition="Container.Content(plugin.video.youtube)">
			<control type="image">
				<left>0</left>
				<right>0</right>
				<height>80</height>
				<texture colordiffuse="button_focus">lists/focus.png</texture>
				<visible>Control.hasFocus(55)</visible>
			</control>
			<control type="image">
				<left>20</left>
				<top>25</top>
				<width>32</width>
				<height>32</height>
				<texture>$VAR[AddonsListIconVar]</texture>
			</control>
			<control type="label">
				<left>75</left>
				<height>80</height>
				<right>40</right>
				<aligny>center</aligny>
				<scroll>true</scroll>
				<label>$INFO[ListItem.Label]</label>
			</control>
			<control type="label">
				<left>75</left>
				<height>80</height>
				<right>40</right>
				<align>right</align>
				<aligny>center</aligny>
				<font>font27</font>
				<label>$VAR[AddonsLabel2Var]</label>
			</control>
		</focusedlayout>
		
	</include>
<description></description> -->
	
</includes>